member,family,sigma,rho,breakeven,ratio
A00,other,7.1451007226563465,0.7630807786150533,0.7328463975602035,1.0412560956231842
A01,strong,6.070568294815107,0.858536329191568,0.862565260862944,0.9953291282941938
A02,strong,6.079734787505905,0.8720291688898606,0.8612647603583357,1.0124983733539108
A03,other,6.079290942813729,0.8714535089291446,0.8613276406836959,1.0117561166821618
A30,other,6.9782167971320375,0.750496328659803,0.750372405591576,1.000165148754543
A30L,other,7.055171495318137,0.7474127848125123,0.7421876744283723,1.0070401470735342
A40,other,7.179011487551446,0.7710513242029606,0.7293847257220991,1.0571256800580944
AIB,other,7.661914366257368,0.7253787164385761,0.6834142323312442,1.0614041705923856
ANS,other,5.444709343728811,0.955789525577686,0.9617154919086011,0.9938381294875946
B60,other,8.711998820163087,0.630795449216706,0.6010401783669534,1.049506292458848
BU60,other,9.733679071034308,0.5271241984329372,0.5379529452933876,0.9798704571557935
C00,other,10.91696987239735,0.543855002222876,0.47964420402432006,1.133871727542652
C01,other,8.406941351938379,0.6963136577246546,0.6228497506523215,1.1179480396281656
C02,other,7.545336613858699,0.75603514515745,0.6939731906971446,1.0894299020369358
CA,strong,6.330914556605619,0.8056536221690382,0.8270939811278991,0.9740774815824159
CA1,strong,6.4408914077607,0.7464486986747128,0.8129715272787059,0.9181732368577927
CAL,other,10.522629964699346,0.46206803533292706,0.49761906884208496,0.9285577347510376
CB,strong,6.504066168437208,0.794337856318904,0.8050750390907654,0.9866631279688067
CC,other,7.179011487551446,0.7710513242029606,0.7293847257220991,1.0571256800580944
CC2,strong,6.979317884541137,0.7517481387996547,0.7502540235918447,1.0019914791001814
CD1,other,7.302504812931687,0.7773951302635744,0.7170500340555536,1.0841574413806465
CDL,other,11.04330553488266,0.522978447901236,0.474157063595103,1.1029645829505623
CE,strong,6.282901819962887,0.7967191291497241,0.8334144754842661,0.9559698716377351
CG1,other,9.347439498681778,0.6919092750812441,0.5601813550696908,1.2351522749184778
CH1,other,7.108264600563904,0.79967146842184,0.736644120477467,1.0855601045230918
CHL,other,10.729319139378804,0.5334003865820137,0.4880329550069357,1.092959770666375
CL,lateral,10.046157858066229,0.4972908750749503,0.5212202912578392,0.9540896304609687
CM1,other,8.540471222787705,0.6645366124154031,0.6131115237332696,1.083875586563768
CML,other,20.812383876692905,0.2727356730287495,0.25159353949200525,1.084032895198472
CP1,other,8.56484570287411,0.7171216239817134,0.6113666849884261,1.1729811937581935
CP2,other,8.546255539492154,0.7311365817842398,0.6126965547199944,1.193309438663929
CS00,strong,6.305553382422004,0.8008711802743808,0.8304205844011471,0.9644163395250183
CS01,strong,6.244045001816792,0.7987087872130333,0.8386008305961835,0.95243023626057
CS02,strong,6.401953893894107,0.7959143750996475,0.8179161255437373,0.9731002363726924
CS03,other,6.494754159661432,0.8116071227343339,0.8062293346414322,1.0066702957357578
CS04,strong,6.3376261822036,0.7997946098086977,0.8262180782304923,0.9680187723822435
CS05,other,6.870438393397611,0.7653863128007923,0.7621436981132789,1.0042545975195238
CS06,strong,6.350020201495441,0.8027814185133268,0.824605459297651,0.9735339603464274
CS07,strong,6.21327488644364,0.8052484636263515,0.8427538488966881,0.9554966312886761
CS08,strong,6.11959261718631,0.7968728467666927,0.8556552130770853,0.9313013402921944
CS09,strong,6.302350469108505,0.7965747421430747,0.830842611890513,0.9587552813769811
CS10,other,6.366380751088561,0.8024510614211415,0.8224863591308428,0.9756405714364996
CS11,strong,6.287509957820727,0.803266936155289,0.8328036631242834,0.9645333849058892
D00,strong,6.059726171382037,0.8692696702524242,0.8641085713629334,1.0059727435423425
D05,other,9.829823415487102,0.5361459702055531,0.5326912909293636,1.0064853308755288
DE,strong,6.087438677210144,0.8324715041781413,0.8601747964060436,0.9677934155433857
E00,strong,6.0874716904071695,0.8324598560723505,0.8601701315597042,0.9677851224186219
E01,strong,6.169738637215421,0.8227537962618857,0.8487006715679588,0.9694275306061244
E02,strong,6.201670356926631,0.8059541752702435,0.8443308049991954,0.9545478744803246
E03,strong,6.30454179577911,0.827363265008451,0.8305538284018018,0.9961585110028447
E04,strong,6.2614747869351035,0.8128273692008493,0.8362664552653386,0.9719717490556855
E05,strong,6.096229921027484,0.8538352223285322,0.8589343565836127,0.9940634179829967
E06,strong,6.156995393396789,0.817837464007543,0.8504572425730996,0.961644422632155
E07,strong,6.095806793889673,0.8257355762414894,0.8589939776392265,0.9612821483462071
E08,strong,6.759980109969879,0.7307552918582787,0.7745971496396669,0.9434004400845228
E09,strong,6.831386813670563,0.7160606279381542,0.7665004877669959,0.9341946148321635
E10,strong,6.229058007863221,0.8200109645962687,0.8406184880913841,0.9754852840057032
E11,strong,6.300602320265496,0.8109319423779242,0.8310731353352362,0.9757648369307624
E14,strong,6.385224130158255,0.7924938873148276,0.8200591268318927,0.9663862779949087
E15,strong,6.259459897361599,0.8156458757603683,0.8365356453534636,0.9750282373391648
E18,strong,7.102220108828535,0.7597398345992888,0.7372710567354125,1.0304756000640614
E19,strong,6.252294324661813,0.799221324989697,0.8374943745289438,0.9543005294086019
F00,other,6.923398505037661,0.7563543380160654,0.7563137267042274,1.0000536963833977
F01,other,7.012643685868831,0.7693866723811837,0.7466886326129892,1.0303982661270257
F02,other,7.837178020808474,0.7293320010668354,0.6681309663887594,1.0916003564523689
F03,strong,5.968245352214826,0.8363926864010255,0.8773535630300998,0.9533131472246964
F04,other,6.0738485962342095,0.848235586338844,0.8620994155254373,0.9839185261735232
F05,other,7.002452481720265,0.7813229012878918,0.7477753456339254,1.0448631475346737
F06,strong,6.07951869030281,0.8078553401279523,0.8612953741150028,0.9379538824970921
F07,other,6.184772604201098,0.8202705752370498,0.8466376469923409,0.9688567218231324
F08,other,7.108305003369432,0.7617771388550113,0.7366399334752028,1.0341241415751385
F09,other,6.992741978508694,0.7658101541721309,0.7488137472963389,1.0226977762322862
F10,other,7.108623697784729,0.7785016572602398,0.7366069083717702,1.056875313565923
FC524,other,10.633304267769086,0.4971460668868655,0.4924397151575256,1.0095572139786377
FC58,other,10.633304267769086,0.4971460668868655,0.4924397151575256,1.0095572139786377
FDP24,other,10.62557590033355,0.4971047181110601,0.4927978844552922,1.0087395538650261
FDP8,other,10.62557590033355,0.4971047181110601,0.4927978844552922,1.0087395538650261
FK16,other,6.059726171382037,0.8692696702524242,0.8641085713629334,1.0059727435423425
FK24,other,6.059726171382037,0.8692696702524242,0.8641085713629334,1.0059727435423425
FK8,other,6.059726171382037,0.8692696702524242,0.8641085713629334,1.0059727435423425
FN16,other,10.641926386489486,0.49935043005708646,0.4920407391138538,1.014855865301717
FN24,other,10.641926386489486,0.49935043005708646,0.4920407391138538,1.014855865301717
FN8,other,10.641926386489486,0.49935043005708646,0.4920407391138538,1.014855865301717
GA,strong,6.169647030063903,0.822787545610622,0.8487132731075014,0.9694529020360971
GC0,other,6.059726171382037,0.8692696702524242,0.8641085713629334,1.0059727435423425
GC1,other,6.544324302682327,0.8012253771547292,0.800122531008636,1.0013783465698722
GC1L,other,10.904265570182636,0.506106475604514,0.48020302615536975,1.0539427034780144
GC2,other,6.896732070954072,0.7750214987879444,0.7592380378029014,1.0207885540491588
GC2L,other,11.034226306633684,0.4985130046678534,0.4745472114937061,1.0505024423148785
GS14,other,6.081643400737291,0.8668320056367788,0.8609944680690595,1.006779994278954
GS20,other,7.363126923458499,0.7632244789309592,0.711146416357578,1.0732311397139844
GS5,other,6.06329356092079,0.8694554665576751,0.8636001658491884,1.0067801060491102
GS7,other,6.063282544200872,0.8694549294187861,0.8636017349730217,1.006777654801663
H00,strong,6.049838781078625,0.8671581220104492,0.8655208038237902,1.0018917144214508
H01,strong,6.0660789369105,0.8762314858794756,0.8632036244932839,1.0150924544528406
H02,strong,6.108986615311003,0.8575456489863115,0.8571407427346175,1.0004723917922769
H03,strong,6.2376192895977445,0.8600172369733683,0.8394647191013784,1.0244828846339018
H04,other,6.194059766356875,0.8594846210465841,0.8453682273529776,1.0166985146080163
H05,other,6.071668410477527,0.8605191683184961,0.862408974075,0.9978086895970316
I00,strong,6.076158805983952,0.8707491145107625,0.8617716376416479,1.0104174661557472
I01,strong,6.059726171382037,0.8692696702524242,0.8641085713629334,1.0059727435423425
I02,strong,6.111483413688426,0.8718974530978157,0.8567905646402305,1.0176319500716358
I03,strong,6.06247609351973,0.8691093719217337,0.8637166141406524,1.0062436656801452
IA,other,7.661909292293268,0.7253767917347521,0.6834146849102486,1.061400651392228
IR120,strong,6.039675448773322,0.8450632102059925,0.8669772687648327,0.9747236065484615
IR15,strong,6.08253997788324,0.8616191193230875,0.8608675559623301,1.0008730301839721
IR240,strong,6.117425095570101,0.8443441193047538,0.855958388210641,0.9864312692464333
IR60,strong,6.078586495397167,0.8683820319167307,0.8614274599478869,1.0080733112098197
IT100,other,6.228439513737272,0.816938354814434,0.8407019628679958,0.9717336117873522
IT100L,other,10.7528737030672,0.49869458497322733,0.4869639009439769,1.0240894325154504
IT30,other,7.652012289858491,0.6866487461686407,0.6842986036161143,1.003434381628294
IT60,other,6.346244454602646,0.8346511202706379,0.8250960646506273,1.0115805371390985
IT60L,other,10.628305096078979,0.5196972136903645,0.4926713410527973,1.0548557839386703
IZ12,other,7.020185302863737,0.7890038478294242,0.7458864828920523,1.0578068726627026
IZ12L,other,10.633944941520593,0.501214968513401,0.49241004665713034,1.0178812798724264
IZ20,other,6.051869023434074,0.8730104167011083,0.8652304444342129,1.0089917920906988
IZ40,other,6.056736322612654,0.8702114791366102,0.8645351301251264,1.006565781786869
IZ8,other,7.225595920809932,0.7853577499128196,0.7246822797996386,1.083726995684173
J00,strong,6.055673026836446,0.8787717456928062,0.8646869310146678,1.016288918188703
J01,strong,6.182881572276551,0.8633360062084235,0.8468965907874421,1.0194113609616684
J02,strong,6.043042515032037,0.8749072958692501,0.8664942058207165,1.009709343688646
J03,strong,6.205632241826982,0.8527407379607693,0.8437917557392859,1.0106056762946716
J04,other,6.27138111118438,0.8511457313156955,0.8349454820191302,1.0194027629892535
J05,other,6.385884196668407,0.8377844957086077,0.8199743627570527,1.021720353416503
K00,other,6.125160090133243,0.8674324270001519,0.8548774640581849,1.0146862719744272
K01,other,6.1873419994161125,0.8743220077272342,0.8462860668276695,1.033128208059313
K02,other,6.209204116093655,0.8483667879688137,0.843306360509494,1.0060006987926218
K03,other,7.128982541566125,0.7951579318817967,0.7345033171666578,1.082579088885689
K15,other,7.975329115285353,0.6433535837154222,0.6565573970819334,0.9798893235759806
KC5,other,6.996275406596091,0.7412107707442909,0.7484355632808224,0.9903468075396349
KC5L,other,10.70807317140124,0.49614886634896566,0.4890012648389759,1.0146167341966763
KC5b,other,6.975281376611443,0.7485252483227414,0.7506881861943266,0.997118726641283
KC5bL,other,10.71712206923141,0.4977143497045535,0.4885883813749482,1.0186782344351368
KC5s,strong,6.096752469738713,0.8094256170326712,0.8588607378754085,0.9424410516598692
KC5w,other,7.563314045896589,0.7375805634676273,0.6923236683057473,1.0653695622924932
KDC,other,6.0734337912051855,0.8266997609373085,0.8621582954252391,0.9588723617506439
KDCL,other,10.691829596174077,0.4944941301175654,0.4897441806103264,1.0096988380777072
KDD,other,6.047109651681384,0.8647648219897368,0.865911423211514,0.9986758446752848
KDDL,other,10.708840740072516,0.4956106878555218,0.48896621510201416,1.0135888176898304
KDP,other,6.1478524587230705,0.8343224006952201,0.8517220216262475,0.9795712445032181
KDPL,other,10.706296861877416,0.49564083947962195,0.4890823963090912,1.0134096896965106
L00,strong,6.104055819589813,0.8739145715720866,0.8578331325212852,1.0187465818713901
L01,strong,6.104055819589813,0.8739145715720866,0.8578331325212852,1.0187465818713901
L02,other,6.0660789369105,0.8762314858794756,0.8632036244932839,1.0150924544528406
L03,other,6.104055819589813,0.8739145715720866,0.8578331325212852,1.0187465818713901
L04,other,6.2376192895977445,0.8600172369733683,0.8394647191013784,1.0244828846339018
L05,other,6.0660789369105,0.8762314858794756,0.8632036244932839,1.0150924544528406
LA08,lateral,9.687168320571944,0.5313073138132056,0.5405358048423333,0.9829271420200933
LA2,lateral,9.80273232704441,0.520883930497378,0.5341634505674887,0.9751395943395178
LA30,lateral,9.769377660675405,0.5211054767352703,0.5359871945457683,0.9722349377710232
LA4,lateral,9.891954205492768,0.5202967486636052,0.5293454878608251,0.9829057970555536
LAB,lateral,10.347355499705323,0.5293501224398366,0.5060482675938438,1.046046704115377
LAT,lateral,9.73755816926735,0.5296799849622988,0.5377386438963356,0.9850137998719126
LATK,other,8.03203521002231,0.6422114058846551,0.6519221078948639,0.9851045057490597
LAV,lateral,10.11834956023057,0.4926114779568711,0.5175015246937357,0.9519034330351107
L_ep6_3000_015,other,11.002922429183858,0.5440477849176715,0.47589732259812995,1.1432041305621947
L_gsp_3000_015,other,10.86965424678271,0.5855977706833645,0.4817320961569115,1.2156087903526809
L_mt12_2000_015,lateral,8.3759937769683,0.6420579405519118,0.6251510524281669,1.02704448478184
L_mt12_3000_008,other,8.365149788249338,0.6420198378365969,0.6259614540505863,1.025653949907134
L_mt12_3000_015,other,8.435719287644758,0.640291953976019,0.6207249371695804,1.031522846328136
L_mt12_3000_020,lateral,8.445813879932485,0.6402262575574864,0.6199830352933812,1.0326512519080882
L_mt12_3000_025,lateral,8.486758233215228,0.6389519795705323,0.6169919280026126,1.0355921213410537
L_mt12_4000_015,lateral,8.416384589347143,0.6428050733813275,0.6221509092432866,1.0331979971919711
L_mt25_2000_015,lateral,8.44541306720767,0.6226646709277903,0.6200124592052416,1.0042776748808377
L_mt25_3000_008,other,8.40897690258732,0.6215792403271678,0.6226989781827548,0.9982017991119004
L_mt25_3000_015,lateral,8.491725771564282,0.6196627699790327,0.6166309965328668,1.0049166737695845
L_mt25_3000_025,other,8.520259195887817,0.6188019330223268,0.6145659661774981,1.0068926154033158
L_mt25_4000_015,lateral,8.462918082535651,0.6254950594145419,0.6187300023155401,1.0109337789887094
L_mt60_2000_015,other,9.1032252363443,0.6371326582541826,0.5752094657504381,1.1076532918716095
L_mt60_3000_015,other,9.235933138226024,0.6372060365487828,0.5669444815631544,1.123930221160115
L_mtp_3000_015,other,9.890700110620328,0.6132550591303755,0.5294126064120551,1.1583688255679043
M00,other,6.102234851095328,0.873942440156179,0.8580891185896625,1.01847514578972
M01,other,6.076280917304929,0.8745946384726426,0.861754319141321,1.0149002088485222
M02,other,6.102234851095328,0.873942440156179,0.8580891185896625,1.01847514578972
M03,other,6.102234851095328,0.873942440156179,0.8580891185896625,1.01847514578972
M04,other,6.157104579586976,0.8660000137149252,0.8504421611033872,1.0182938397496106
M05,other,6.076280917304929,0.8745946384726426,0.861754319141321,1.0149002088485222
MC5b,other,10.71712206923141,0.4977143497045535,0.4885883813749482,1.0186782344351368
MDC,other,10.691829596174077,0.4944941301175654,0.4897441806103264,1.0096988380777072
MDD,other,10.708840740072516,0.4956106878555218,0.48896621510201416,1.0135888176898304
MDP,other,10.706296861877416,0.49564083947962195,0.4890823963090912,1.0134096896965106
MT00,strong,8.023211745163811,0.7631287933552021,0.6526390541742583,1.1692968547840572
MT01,strong,7.943623249109451,0.7587842114721872,0.6591779545172337,1.1511067781808673
MT02,other,8.028641471162667,0.7684640812551194,0.6521976779771711,1.1782686556605895
MT03,other,7.993853742827808,0.7624233179000737,0.6550359180015713,1.163941238865385
MT05,other,8.055916626765404,0.7649076672773569,0.6499895129756281,1.176800012935036
MTL,other,9.236226013673958,0.6372313818607415,0.5669265040776807,1.1240105679967072
MU00,strong,7.493516552474464,0.7588404519116139,0.6987722370579702,1.0859625091954825
MU01,other,7.542332461265723,0.7538140283456682,0.6942496040442087,1.08579684302948
MU02,strong,7.426682121143237,0.7653492098082768,0.705060650151734,1.085508331295426
MU03,other,7.628030012551733,0.7713394068965469,0.686450016083756,1.123664343832477
MUL,lateral,8.435719287644758,0.640291953976019,0.6207249371695804,1.031522846328136
NB1,other,11.369545334754791,0.4477305701489607,0.46055151465003075,0.9721617580373988
NB2,other,11.32253616911543,0.4634151888056299,0.46246364300310216,1.00205755807386
NB3,other,11.226988924925823,0.4518794365692992,0.46639943798092826,0.9688678839869811
NB5,other,11.513590466820371,0.4424576167884142,0.4547896105817955,0.9728841787357336
NC1201,other,6.575448953989382,0.8216294037423647,0.7963351797639041,1.0317632884006955
NC201,other,7.22926643161216,0.7481156217450842,0.7243143373311529,1.032860435293371
NC401,other,7.048185908648438,0.7741717139853613,0.7429232702812768,1.0420614684639689
NC401L,other,10.427212847657945,0.4996590635178777,0.5021726708091152,0.9949945358691314
NC401b,other,6.094481906363667,0.8659290131259456,0.8591807154823071,1.0078543402127575
NC601,other,6.426411749811714,0.8458425641132121,0.8148032725971731,1.0380942155731674
NV101,other,6.525130556083816,0.8088631221079933,0.8024761006385371,1.0079591422901866
NV301,other,6.096359225736189,0.8623121820585967,0.8589161384549456,1.0039538709911309
NV401,other,6.099512934004887,0.8620074358802337,0.8584720421873795,1.0041182397551889
P00,lateral,10.738111253848446,0.49837339791428104,0.48763336503213073,1.0220248113691783
P00i,other,5.940499314304858,0.857793108108175,0.8814513810639576,0.9731598662569161
P01i,other,7.076050800624632,0.795482105679814,0.7399977010257309,1.0749791581476196
Q00,strong,6.400981373067516,0.8139617194803824,0.8180403940613497,0.995014091467149
Q00L,lateral,10.076679424593337,0.5012294436101673,0.5196415509680491,0.9645676768465078
Q01,strong,9.816267481824736,0.5525656581180696,0.5334269196004169,1.0358788389082225
Q01L,lateral,10.917862753674468,0.45143606410744325,0.47960497791027984,0.9412664273720149
RN001,other,6.791407071140871,0.7933357696258238,0.7710127327007485,1.0289528771423537
RN004,other,8.13050637943672,0.6752544884282348,0.6440264702389025,1.0484887184493337
RN008,other,8.838752216837575,0.6324979386886505,0.5924208752937523,1.0676496475162627
RN016,other,9.77725198592272,0.5781913932418441,0.5355555254526195,1.079610545989963
S3A,other,7.1983452631455025,0.7488922852631207,0.7274256976269836,1.029510350962532
S3B,other,7.227023888423276,0.7507154764613059,0.724539091837139,1.0361283261580738
S40,other,7.0680816789048695,0.7805750169992367,0.7408320337371679,1.0536464157220404
S45,other,7.888751976051552,0.6553844989590342,0.6637629552430604,0.9873773367166021
S50,other,7.985536893015385,0.6538013869420823,0.6557181307851009,0.9970768783826007
S60,other,8.15237645154451,0.6453798745478947,0.6422987647744692,1.0047970040460958
SB10,other,6.462037795476609,0.8280733229664086,0.8103111573362918,1.0219201790192618
SB14,other,7.271259900503933,0.7617100767954236,0.7201312284877359,1.057737877018613
SB20,other,7.521894754869409,0.7345930243701589,0.6961359465198232,1.055243631711009
SB8,other,6.270429742588777,0.8593922786051941,0.8350721624769684,1.029123370675042
T00,strong,9.816267481824736,0.5525656581180696,0.5334269196004169,1.0358788389082225
T00L,lateral,10.917862753674468,0.45143606410744325,0.47960497791027984,0.9412664273720149
T01,strong,7.144751251789125,0.8041137674960942,0.7328822432400697,1.0971936827683397
T01L,lateral,10.743494444666077,0.5344912433891705,0.4873890289395743,1.0966419259622602
T02,strong,6.8765822440502244,0.6917319787590437,0.7614627643454774,0.9084252193915595
T02L,lateral,12.09709049639775,0.41514610245800404,0.43285295140701435,0.959092692122225
T03,strong,6.478067207174961,0.7526121472329371,0.8083061131264501,0.9310979281375295
T03L,lateral,10.531180972163952,0.4631061580406393,0.49721501687645586,0.9314001836668347
T04,other,7.325947311196075,0.7808603911083163,0.7147555261284849,1.0924859795598814
T04L,other,11.044432004321182,0.5229411880637771,0.4741087022632581,1.1029985013297727
T05,other,9.851931911888476,0.5496683243855727,0.5314958905151216,1.0341911088961355
T05L,other,10.620204861890953,0.470981638175915,0.49304711094538917,0.9552467253541657
T06,other,10.129174041520136,0.5416290020473454,0.5169484997828785,1.0477426712232125
T06L,other,11.439946629228825,0.44437735826715563,0.457717286147557,0.9708555296377841
T07,other,9.846424662400093,0.5451195576523891,0.5317931639490305,1.025059355040216
T07L,other,10.608659038669568,0.4631206477311811,0.4935837136170407,0.938281865779925
TP05,other,6.449237121768643,0.8101666824812992,0.8119194915518185,0.9978411540937769
TP07,other,6.135683444457612,0.8521436577426529,0.8534112576380463,0.9985146670095475
TP15,other,6.241018966855693,0.8593266447509145,0.839007436543909,1.0242181503071124
TP25,other,7.505623307820557,0.7639802486307385,0.6976451002207287,1.0950843751199888
TP40,other,7.670415818126538,0.7355255154624457,0.6826567749338055,1.0774455663078517
U00,other,6.3329188449387495,0.819616457848575,0.8268322163939169,0.9912730075071189
U01,other,6.792362164709632,0.7664798116095812,0.7709043183841119,0.9942606278509312
U02,other,6.145691103085238,0.8646952000632714,0.852021560630475,1.0148747872335746
U03,other,6.314660271595954,0.835104040883604,0.8292229668089663,1.0070922710899692
U30,other,10.652322906649216,0.48525983588745053,0.4915605141424147,0.9871822937894911
UP120,other,6.058067438093439,0.8701212211372442,0.8643451691999382,1.006682575599575
UP20,other,6.232031887673899,0.8573217538516392,0.8402173511275053,1.0203571167641101
UP40,other,6.064664042827138,0.8675874042062722,0.8634050110321602,1.004844068682335
V00,other,6.087276037932639,0.8688596675033902,0.8601977784766024,1.0100696482175622
V01,strong,7.37137633077079,0.6884040777473703,0.7103505627497896,0.9691047123022417
V02,strong,6.066917881347344,0.869763147644189,0.8630842591264214,1.007738396856557
V03,strong,6.0702726986414595,0.869825237792258,0.8626072640814633,1.0083676245394022
V12,other,7.842623645972318,0.7116181110806842,0.6676670411811308,1.0658278261299257
V45,other,9.043820862991504,0.5690269478659364,0.5789877314168147,0.9827962096424674
VB1,strong,6.5891730454389785,0.7196414673135172,0.7946765532934436,0.905577828276231
VL,lateral,7.526950602141255,0.6787732881113261,0.6956683525083726,0.9757139097443086
W00,other,6.99838139531288,0.8128560396045673,0.7482103402238782,1.0864004356867694
W01,other,7.213766297259452,0.8334671618649161,0.7258706629840217,1.1482309512807283
W02,other,7.245734425793531,0.8275828164686304,0.7226681268034538,1.1451768602681305
W03,other,7.947539359138188,0.7455300341808839,0.6588531478970011,1.1315572165975794
XB0,other,9.102368182660781,0.5439890751332467,0.5752636258746523,0.9456344024987594
XBL,other,10.976153867639525,0.4871577519920937,0.4770579374111483,1.0211710439946855
XBN,other,10.900131887307328,0.49023834579434966,0.48038513468822164,1.0205110657983265
Y10,other,8.167579891615393,0.6750403633124342,0.6411031657221876,1.0529356262841365
Z00,strong,6.06678885736615,0.8691305644052342,0.8631026145645017,1.0069840477123038
Z01,strong,6.068307693551091,0.8690677901703724,0.8628865886889993,1.0071633996430103
ZG2,other,7.304542602185184,0.7804104975675598,0.7168499945824207,1.0886663925026103
ZG3,other,8.171941749944075,0.7400099362535765,0.6407609702846138,1.1548923398453532
ZK10,other,16.524070851847096,0.37328453359903524,0.3168868840947986,1.1779740731944115
ZK5,other,8.098944833210743,0.7445411387048364,0.6465362380703671,1.1515845437016365
ZK8,other,11.268775305126475,0.572827368090987,0.46466995596419347,1.2327617930502224
ZK8L,other,11.198700692375857,0.5162717225739776,0.46757757606365785,1.104141321147724
bb25,other,10.189435688501094,0.5491418302066134,0.513891199167457,1.0685955141793928
g30_035,other,11.402326913599289,0.4853938341641291,0.45922743353011075,1.0569791757275377
g30_05,other,11.053993399833937,0.5237053280663805,0.47369861147937486,1.105566525582233
g30_065,other,10.911351779640954,0.5240641192720403,0.4798911656916457,1.0920478573860182
g40_035,other,11.044179127510494,0.524997617790746,0.4741195578547116,1.1073106120452965
xr45,other,11.053993399833937,0.5237053280663805,0.47369861147937486,1.105566525582233
L_mt12_3000_030,lateral,8.49907709605741,0.6382519207146056,0.6160976380873789,1.035959044894252
L_mt25_3000_020,lateral,8.50556606737859,0.6187362715056234,0.6156276117689745,1.005049578149551
DS00,other,7.518214664910702,0.7682406286470005,0.6964766980174679,1.1030385235196092
L_mt25_3000_030,lateral,8.631085798589499,0.615995711306378,0.6066746927320807,1.0153641130674518
DS01,other,7.607935648148736,0.768588691313742,0.6882630935604281,1.1167076928936934
DS02,other,7.426682121143237,0.7653492098082768,0.705060650151734,1.085508331295426
DS03,other,7.628030012551733,0.7713394068965469,0.686450016083756,1.123664343832477
DS04,other,7.4866212435280834,0.766074045352759,0.6994158184949013,1.0953055751602845
DS05,other,7.539395217301165,0.7471532593306557,0.694520074075372,1.0757835334354522
L_mt60_4000_015,other,9.246411140746162,0.6393075161708918,0.5663020219519416,1.1289161814526343
W2level,lateral,8.752629357510925,0.6071098905139461,0.5982500927347162,1.0148095217816517
W2z,lateral,8.491725771564282,0.6196627699790327,0.6166309965328668,1.0049166737695845
LD500,lateral,8.45333401756959,0.6231614905273553,0.6194314945937724,1.0060216439850689
W2none,lateral,8.608786389681477,0.6077650026389652,0.6082461670880477,0.9992089313914034
LD1000,other,8.628189396834205,0.6166940537880177,0.6068783477011715,1.016174091766542
W2c2,lateral,8.446036568313055,0.6143575372029642,0.6199666888074296,0.9909524951812246
W2c20,other,8.446036568313055,0.6143575372029642,0.6199666888074296,0.9909524951812246
F_mt12_3000_015,lateral,8.742554080788043,0.6126724383916393,0.5989395405983603,1.0229286878932045
LD2000,lateral,8.685179000983862,0.6139290759487604,0.6028961894982641,1.018299811215722
SP_sC,other,6.330914556605619,0.8056536221690382,0.8270939811278991,0.9740774815824159
G_mt12_1500,lateral,8.483648169331778,0.627141082432078,0.6172181142226634,1.0160769231828393
G_mt12_2500,lateral,8.618941961165056,0.608744635914933,0.6075294796503891,1.0020001601654676
G_mt12_5000,lateral,8.726662146999745,0.6172598826680435,0.6000302563109715,1.0287145959322135
G_mt25_1500,lateral,8.5400660164394,0.615801274280549,0.613140614454718,1.004339395830428
KB1_mt12,lateral,8.78029345875636,0.6079092273452296,0.5963651840795278,1.019357339385128
SP_mt12,strong,7.493516552474464,0.7588404519116139,0.6987722370579702,1.0859625091954825
SP_mt12L,lateral,8.742554080788043,0.6126724383916393,0.5989395405983603,1.0229286878932045
SP_mt25,other,7.518214664910702,0.7682406286470005,0.6964766980174679,1.1030385235196092
SP_mt25L,lateral,8.446036568313055,0.6143575372029642,0.6199666888074296,0.9909524951812246
LS4a,other,8.799781131909445,0.6139230333624636,0.5950444955745514,1.0317262623691423
LS4b,other,8.720907734683156,0.6323029150482735,0.6004261808640442,1.0530901802755455
LSP,other,8.729808359251638,0.6123805197246093,0.5998140061407244,1.0209506838040334
IM30,other,8.695598724575595,0.612834762448441,0.6021737537180427,1.0177042069080118
LS8a,other,8.661106451209722,0.6202400722029925,0.6045718701531657,1.0259161942911061
LS8b,other,8.55081940674659,0.6267594985804827,0.6123695374354536,1.0234988193653345
IM15,other,8.558794227941611,0.6234526259660933,0.6117989503368199,1.0190482112185018
ENET,other,14.875981859054205,0.4055411191435882,0.35199433384738105,1.152123997880671
IM30W,lateral,8.715301888293107,0.5997332752691987,0.6008123862969287,0.9982039134805776
IR_S40,lateral,8.790998801741216,0.6007454397819787,0.5956389533082833,1.008573123777975
WB35,lateral,9.100083407304638,0.5671712440569429,0.5754080584140979,0.9856852641586966
DV_fi,other,9.613369507540698,0.5548922819374646,0.5446853281459952,1.0187391751971948
GH10,lateral,8.659655186655083,0.5994121170800967,0.6046731898601255,0.9912993119783501
IMK,strong,7.756700530518418,0.7257379399536529,0.6750629735158211,1.0750670210423623
IR_SK,strong,7.948289799957824,0.7164055821436656,0.6587909420252008,1.0874551188292763
VG12,lateral,8.760449769611794,0.6091265044451114,0.597716037704711,1.0190901130647552
VG06,other,8.777944213042023,0.609283201828329,0.5965247895997813,1.0213878994653476
DV_gh,other,9.098753939535177,0.5725167255441767,0.575492134373623,0.9948298010490015
GHK15,other,8.054514735322584,0.7068638430904007,0.6501026439048159,1.0873111341997488
JB_a,other,8.503158486479494,0.6157245948882061,0.6158019203251902,0.9998744313156034
NP01,lateral,9.345540247127534,0.5887492650536882,0.5602951981735822,1.0507840634238146
NP02,lateral,8.721471988133148,0.611777285440294,0.6003873350654818,1.018971003733065
NP03,lateral,9.876291524424772,0.5468303084666293,0.5301849699205277,1.0313953421738769
NP04,lateral,9.399148829777655,0.5909803583873141,0.5570995224816946,1.0608164870698356
NP05,lateral,9.243332968953588,0.5926003275939703,0.566490609219749,1.0460902933769427
NP06,lateral,8.554450196180037,0.6334387037247455,0.6121096277048578,1.0348451895779887
NP07,lateral,9.68527409710231,0.5549321089535958,0.5406415215827626,1.0264326486226891
NP08,lateral,10.679204955598662,0.493557368922784,0.4903231417108777,1.0065961137396475
NP09,lateral,9.672661758709424,0.5323386697672677,0.5413464727109571,0.9833603738127634
NP10,strong,8.653452021691242,0.6635083409961181,0.6051066454956929,1.096514715108745
NP11,lateral,8.240270965945692,0.7118840996673871,0.6354477111788244,1.1202874558266407
PF02,lateral,9.201495881744911,0.5711317606360312,0.5690663118365207,1.0036295397505517
PF08,lateral,9.192697203335912,0.571062853172389,0.569610986741012,1.0025488736438948
PF20,lateral,9.158796427946346,0.5709362992518593,0.5717193701157112,0.9986303230137307
TQ08,other,9.315285388102597,0.5538848534677862,0.5621149655265762,0.9853586675973298
TQ15,other,9.057089823362526,0.5865666600204179,0.5781394936921914,1.0145763547036162
TQ25,other,9.256986514052272,0.6139167624511837,0.5656550667816974,1.0853200094963735
TQ50,other,9.307874434922686,0.607994223901321,0.5625625228846358,1.0807584920227644
CH_n02,other,14.162760867838527,0.39209345442361204,0.3697203796396974,1.0605135015973906
CH_n05,other,9.936114747937113,0.5407716217383194,0.5269928395191528,1.0261460520635135
CH_n10,other,8.696266052329804,0.6070735306547013,0.6021275445454743,1.0082141834467322
CN035,other,11.116048759273577,0.47154866184697536,0.4710541882460846,1.001049717024557
IT01,other,8.634042445941501,0.6200147594445982,0.60646694263877,1.0223389204807782
IT02,other,9.306541363846678,0.5884033064302026,0.5626431044668138,1.0457842667205535
IT03,other,7.748635826417506,0.6776328107953518,0.675765572431662,1.0027631451495387
IT04,other,7.697008784971012,0.673048542019911,0.6802982133822822,0.9893433920304927
IT05,other,7.505628781458968,0.7281458173569083,0.6976445914482955,1.0437202929435645
IT06,other,7.483119367450165,0.7292502716931428,0.6997431241816124,1.0421685422719096
NP12,other,8.423961657433749,0.6745596270572375,0.6215913055804043,1.0852140642916082
NP13,other,8.841233520561957,0.6770160536016865,0.5922546116020572,1.1431165588906913
NP14,other,10.228981566691523,0.5521122411863076,0.5119044638670841,1.078545471191014
CH_n05s,other,9.43890793307106,0.5585617018297457,0.5547528762789649,1.0068658058635565
CN070,other,9.420637840318093,0.573909304293358,0.5558287467960561,1.032529007543282
CH_all,other,18.15394455515168,0.33477613910563875,0.28843656037924703,1.160657784385803
CH_c20,other,8.789029099506516,0.6161040425979608,0.5957724414745099,1.034126454511946
CH_c20w,other,8.723751232923478,0.6279956044708922,0.6002304725336316,1.0462574514420457
CH_c40,other,8.668597727516001,0.6151209648502491,0.6040494079200937,1.0183288929431749
CH_d05,other,20.439091016912204,0.3111460437011548,0.2561885614419348,1.214519656732122
CH_d20,other,15.80253352901405,0.38615853108642556,0.33135581172408435,1.165389341074768
CN100,other,8.696266052329804,0.6070735306547013,0.6021275445454743,1.0082141834467322
CN150,other,8.660128932829494,0.617067759137174,0.6046401116446987,1.0205537926663029
CN25,other,9.844996021789349,0.5350706374339002,0.5318703342504559,1.0060170740448502
CN25w,other,10.051930486064709,0.5126245900351589,0.5209209645910997,0.9840736404946706
CW051,other,9.310551613813011,0.5715013768423172,0.5624007622743922,1.016181725165381
CW101,other,9.43890793307106,0.5585617018297457,0.5547528762789649,1.0068658058635565
CW401,other,10.189081226215588,0.5232140639501781,0.5139090766428558,1.018106291035192
CW801,other,9.182435689215955,0.5865044435193018,0.5702475358420517,1.0285085101739975
IU01,other,7.777373720569806,0.6904733129349397,0.6732685753488361,1.0255540481407281
IU02,other,6.872878079904366,0.7647542975873017,0.7618731576388404,1.0037816530475892
SF25a,other,11.194246745958443,0.47638134368301627,0.4677636149742727,1.018423255748991
SF25b,other,9.51698997078194,0.5456419874554405,0.5502014125137599,0.9917131709322804
CNK,other,9.454843569319813,0.5977590707382099,0.5538178697947733,1.0793423313691914
CNKs,other,9.210394791418484,0.6150852574627532,0.5685164907026834,1.0819127809336033
CX051,other,9.742297517572501,0.5350136918872652,0.537477049469973,0.9954168134525242
CX101,other,10.407853112523176,0.5123908799885697,0.5031067664188127,1.018453565305517
CX301,other,11.162894573982769,0.47212959744612715,0.46907737864044735,1.0065068556802423
CX601,other,10.699836402047604,0.508416225953998,0.48937769962552496,1.0389035428934368
IU03,other,8.187171747812227,0.6693579298438067,0.6395690094326825,1.046576553853896
IU04,other,6.843098230744257,0.7675596701180771,0.7651886832894423,1.0030985649427566
IU05,other,7.5598011770271345,0.6804271132690215,0.6926453754783339,0.9823600031966219
IU06,other,7.372690331988484,0.71861235101102,0.7102239601851338,1.0118109093696297
S2a,other,10.189081226215588,0.5232140639501781,0.5139090766428558,1.018106291035192
SF25c,other,8.805319814666785,0.610704925730834,0.5946702033561132,1.0269640588753672
SFKa,other,10.65567346589655,0.5100659637225379,0.4914059483487504,1.0379727096029054
SFKb,other,8.632809797497902,0.6327042734254438,0.606553537913133,1.0431136476464768
SFsCa,other,11.675372965070062,0.4060783752162824,0.4484877134519949,0.9054392417814765
SFsCb,other,10.642613002224811,0.46487210186326977,0.492008994756164,0.9448447219824851
CA3,other,18.855677163765822,0.32311964937754295,0.2777021095198754,1.1635476948165457
CA3b,other,9.941567403790382,0.539814093655415,0.5267037995243187,1.024891208574794
CC40w,other,8.683681717057565,0.6184102939138899,0.6030001438811139,1.0255557982682908
CC60,other,8.670978584004054,0.6135840832752469,0.6038835494834688,1.016063583450941
CC80,other,8.70730003035825,0.6128535935794834,0.6013645224750653,1.0191050031636917
CD05,other,20.439091016912204,0.3111460437011548,0.2561885614419348,1.214519656732122
CD10,other,18.22362851254994,0.33325483053714827,0.2873336295896007,1.1598184000012006
CD30,other,14.656109850827866,0.3992627565647646,0.3572749780193367,1.117522303907763
S2b,other,10.159318793052389,0.533505899947062,0.5154146091354481,1.035100461824239
S2c,other,11.428031125250746,0.46439797351629636,0.45819452777248365,1.0135388909465393
S2d,other,10.920191525267168,0.46183311904910584,0.47950270035903997,0.9631501943644872
S2e,other,11.479821825675533,0.4396216522927648,0.4561274037452564,0.963813286996214
S2f,other,10.21265797253813,0.5479453687659609,0.5127226760049963,1.0686973570886522
S2g,other,9.3303844638953,0.5819032497666218,0.5612053120710792,1.036881221988364
S2h,other,9.949597994751537,0.5605670279236886,0.5262786825724682,1.0651524496177913
SK01,other,10.845708157970806,0.48632296386329477,0.4827957057792708,1.0073059019411341
SK02,other,10.038649603696655,0.5107749935631375,0.521610129999487,0.9792275191504426
SK03,other,10.169965141882992,0.5521050130435378,0.5148750513646307,1.0723087311770736
SK04,other,10.730393397721107,0.5350645804806115,0.48798409626953415,1.096479546302822
SK05,other,11.054442775538018,0.4885329686621114,0.4736793550906651,1.0313579500812384
SK06,other,8.868539770675891,0.6349308782238912,0.5904310585737435,1.0753683584289118
SK07,other,10.28699973271577,0.5364409191198481,0.5090173481924585,1.0538755133293038
SK08,other,10.801902541634345,0.47236156477759295,0.4847536167467824,0.9744363908982187
SK09,other,8.479920376668524,0.6274228908269924,0.6174894447370579,1.0160868273532424
SK10,other,9.218195218877032,0.5648281457167663,0.5680354126240121,0.9943537553540368
SL15,other,13.522815183110172,0.3806752674082548,0.3872168075877821,0.9831062597197713
SL20,other,11.7568086837999,0.43247946062550285,0.4453811800151796,0.9710321855332166
SL25,other,11.227517566781021,0.4636536348768075,0.46637747780471916,0.994159574470163
SL30s,other,10.710844666381723,0.5398501247651054,0.4888747328433057,1.1042708663328247
SR20,other,10.598617158338662,0.47898481911175395,0.49405136977551667,0.9695040807788701
SR30,other,10.412268170967689,0.5167277350130766,0.5028934367445193,1.0275094031016068
SL25b,other,11.243423467123783,0.47864277103583364,0.4657177006731576,1.0277530150646923
SR20b,other,10.618514182616813,0.4858115337013145,0.49312561388066933,0.9851679167062599
SR20s,other,10.647832769943562,0.5319689423406588,0.4917678027010622,1.0817482141343733
T2a,other,11.058643506374707,0.4740205922187259,0.4734994234858091,1.001100674482516
WN035,other,9.714345159358672,0.5459980070562341,0.5390236026109249,1.012938959280311
WN05,other,9.40033766737701,0.5810071059282116,0.557029067474402,1.043046296600871
T1a,other,10.998914686555539,0.4704667497455309,0.4760707282513996,0.9882286849971809
T2b,other,11.151557429320606,0.48340957237062954,0.46955426253160787,1.0295073667616617
WN05s,other,9.286220795495602,0.5839366268286681,0.5638743079793477,1.0355794164859435
WN10,other,8.920946882404328,0.6011177536413547,0.5869625045219706,1.0241161045387597
TGa,other,11.141386421475367,0.4735029133240087,0.4699829201427261,1.0074896193678988
TGb,other,11.175358491209849,0.46877991587206663,0.4685542149651998,1.0004816964604268
TRa,other,11.2211785651579,0.4847707214616335,0.46664094100260206,1.0388516713087341
TRb,other,11.195854131930874,0.4782746798699528,0.4676964582692761,1.0226177073049083
TSa,other,11.23579732082683,0.48243331236985526,0.46603380029804414,1.0351895335946086
TTa,other,12.309297524840243,0.4429881155092794,0.4253907515223107,1.0413675283818336
TTb,other,9.660924006689394,0.5421692965803339,0.5420041935096302,1.0003046158547861
WB_both,other,11.716496822831164,0.489687209976735,0.44691356162022366,1.095708996167942
WB_bothk,other,11.46653385473854,0.4817391761455617,0.4566559861190858,1.0549279781475038
WNK,other,11.189461146353393,0.49505564610152514,0.46796367191551397,1.0578933276489513
WNK2,other,8.87713328914977,0.596897350236281,0.5898594911494256,1.0119314161973407
U1,other,11.074752545739846,0.4976048347969025,0.4728106838664992,1.0524399125832868
U2,other,11.223221694330222,0.46294556219253824,0.4665559914448432,0.9922615306233147
U3,other,11.484379459352763,0.45593689735121284,0.455946387293843,0.9999791862751968
U4,other,10.425853460656189,0.558925322811778,0.5022381471755261,1.1128691158866522
U5,other,11.165988577537847,0.49672909809798954,0.4689474011586469,1.0592426717169159
U6,other,12.025312284775575,0.4528123083891245,0.43543661909161246,1.0399040607419752
U7,other,10.95251415774753,0.4658161850369684,0.4780876106970848,0.9743322659162329
U8,other,9.532138278137559,0.5350076834199037,0.5493270420565698,0.9739329078301747
K18,other,11.937563971413256,0.4166075797719969,0.4386373415332243,0.9497768209057988
K22,other,11.353938024526117,0.45304063519637433,0.4611845963481959,0.9823412117050135
K26,other,11.23699458913403,0.4678674171189786,0.4659841457845748,1.0040414922941916
K40,other,10.713470994779524,0.5094610747054331,0.4887548888082157,1.0423651739785305
BB1,other,11.595279574558711,0.47697259368369843,0.4515856035323572,1.0562174479273942
BB4,other,10.48610256949877,0.4943911328572869,0.49935248011347655,0.990064438540363
FL2,other,10.332471775097037,0.5297508625961941,0.5067772202798332,1.0453328235702373
FL6,other,11.779203323054215,0.4508519286145188,0.44453442063905274,1.0142115158740332
MV1,MV,10.872527680558202,0.5017435908128841,0.4816047821305411,1.0418160479911602
MV2,MV,11.941439585073274,0.39963552455174306,0.43849498106985396,0.9113799286292847
MV3,MV,10.269325032918088,0.5466437370145787,0.5098934261033509,1.0720744944528444
MV4,MV,12.118834540092152,0.46155800439464767,0.4320763112558919,1.0682326069972754
MW1,MV,12.771574898752764,0.36240230686151687,0.40999339285203334,0.8839223099195355
MW2,MV,12.906203593357018,0.35948730796001505,0.40571662200483793,0.886055163783081
MW3,MV,11.591297210882708,0.41567463698117685,0.4517407525265893,0.9201619173304724
MW4,MV,12.462588506536639,0.3755717307417939,0.4201584062618361,0.8938812722641173
MW5,MV,10.933367446475305,0.48827885718783304,0.4789248463877041,1.0195312706590223
MW6,MV,10.139774259605641,0.5730932773796541,0.5164080768211461,1.1097682300157758
MW7,MV,17.819974337725764,0.2642631140597219,0.29384224834252914,0.8993366867778417
MW8,MV,10.910464017167932,0.5009974360247456,0.4799302134688406,1.0438964290321195
TC1,other,12.763018292499652,0.4282236656328588,0.41026826137831873,1.043765033625116
TC2,other,13.920877954760781,0.36863463448834,0.3761444746387399,0.9800346923675735
TC3,other,10.845023751719895,0.48635683850982314,0.48282617398353783,1.0073124961249629
TC4,other,10.456442811036977,0.5562493128533699,0.5007688962135896,1.1107904605483256
MX1,MV,12.91643025989612,0.347761763712082,0.4053953932660046,0.8578335360705354
MX2,MV,19.139564746683526,0.3196262259000527,0.2735830931427446,1.1682967036756349
MX3,MV,12.456295291775634,0.3729478142976644,0.4203706802182823,0.8871879791997077
MX4,MV,12.158863412175874,0.3847602914601061,0.4306538487437833,0.8934328407430964
MY1,MV,21.65556894038302,0.21517222555748705,0.2417974489249737,0.8898862519606314
MY2,MV,10.742123139800489,0.5359194658150843,0.48745124745430557,1.0994319300933213
MY3,MV,12.156759456513091,0.3851083555926766,0.4307283814847662,0.8940863248090767
MY4,MV,12.509326540892419,0.37247325302978307,0.41858858729815795,0.8898313626608094
MY5,MV,13.081446331060498,0.3334559586124853,0.40028152792023974,0.8330535769288105
MY6,MV,12.677199919161561,0.4649222084023804,0.4130455745900885,1.125595423371319
MY7,MV,11.029477995783989,0.5032262741534727,0.47475150925592924,1.0599782503949728
MY8,MV,20.14421608373682,0.3242139645182039,0.2599386991798078,1.247270858634
UW10,MV,12.254761606683688,0.3825014964850773,0.4272838177405,0.895193032368429
UW3,MV,12.161554845592876,0.39256813616630265,0.4305585421670844,0.911764830376913
UW5,MV,12.237448062326967,0.38782106320064563,0.42788833898493606,0.9063604400172705
UW6,MV,12.23970016312893,0.38672877900694147,0.42780960767137977,0.9039740390870455
MX5,MV,18.843222891565187,0.33212187884073335,0.27788565443056046,1.195174610655282
MX6,MV,36.87239040458934,0.1576633703991327,0.14201035700011944,1.1102244493266087
MX7,MV,13.270434151176328,0.338673190997897,0.3945810110771209,0.8583109209269659
MX8,MV,18.386075746617504,0.24276427336690573,0.2847949392227881,0.8524177923575994
UV1,MV,12.18645840045105,0.39394185985073804,0.42967867716265323,0.9168289719473626
UV2,MV,12.185345191401048,0.3912052010632187,0.42971793105201767,0.910376721086519
UV3,MV,21.51081994155955,0.2164007687279405,0.24342453421251953,0.888985037716099
UV4,MV,10.606282528847386,0.5516788494393968,0.493694309062739,1.1174502912272564
UV5,MV,12.369336375849057,0.3836917169806498,0.4233259704237029,0.9063741508620802
UV6,MV,12.020841507714296,0.3763861766344178,0.4355985661605449,0.8640666105767124
IS1,other,12.268400760818595,0.38649876871852257,0.4268087933291581,0.9055548403859895
IS2,other,12.269907271816537,0.3864962704408958,0.4267563893356377,0.9056601848248418
IS3,other,12.276467868223055,0.38629574326009114,0.42652832891431885,0.9056742942335498
IS4,other,12.26615064534402,0.3868794245296254,0.4268870875795976,0.9062804563220425
IS6,other,18.091224576295176,0.35167327174079693,0.2894365333159676,1.2150272383095735
IT1,other,12.283279206575767,0.38608694382405245,0.4262918099264824,0.9056869844406262
IT2,other,12.28639735875621,0.385992155213019,0.4261836217653954,0.9056944835517379
IT3,other,12.272035728479059,0.3868329351337276,0.42668237288879446,0.9066063182191668
IT5,other,18.06934109465524,0.3527182810000706,0.2897870651383272,1.2171636468028817
IT6,other,21.53658727964631,0.21595607902964278,0.24313329019181093,0.8882209378208649
SO1,MV,12.188699899729015,0.3955088624460391,0.4295996593467631,0.9206451956862316
SO2,MV,12.270970288414567,0.3875285577426071,0.4267194200402587,0.908157771929025
SO3,MV,9.38006156609237,0.655857200829162,0.5582331510202313,1.1748804234046513
SO4,MV,10.974023742952843,0.5429837876009681,0.47715053725540413,1.1379716571718443
SO5,MV,12.092326625930168,0.4238620714997994,0.43302347734927527,0.9788431659512855
SO6,MV,12.075768571233981,0.42571606104831755,0.43361723056509643,0.981778469673629
SN1,MV,9.430617504523985,0.6635726929877974,0.5552405579265207,1.1951084687794242
SN2,MV,9.521423495857247,0.6479630985414608,0.5499452184940411,1.1782320797621078
SN3,MV,36.81755929859319,0.14317200896026544,0.14222184806811974,1.0066808363486501
SN4,MV,10.631346408385012,0.5604830520407327,0.4925304024214315,1.1379664063075599
SN5,MV,10.667229267001725,0.5585462334930226,0.4908736086700126,1.137861607606822
SN6,MV,17.84177675268207,0.3611818288626364,0.29348317700569637,1.2306730237407306
NF1,other,12.270970288414567,0.3875285577426071,0.4267194200402587,0.908157771929025
NF2,other,18.845060601932502,0.3394746172113554,0.2778585559054423,1.2217533345522806
NF3,other,12.193299193179573,0.3943105590975147,0.4294376150248538,0.918202191195324
NF4,other,12.067973924812875,0.3775262740093003,0.4338973018525728,0.8700820963795116
NF5,other,10.486441721939745,0.5857877805933146,0.49933633005828837,1.1731327070172015
NF6,other,11.204564685544508,0.5002121362401585,0.4673328658237867,1.0703551425992994
NG1,other,11.088969312286704,0.5393300986821095,0.4722045103868827,1.1421536364407658
NG2,other,21.5299678070296,0.21705389662758554,0.24320804247063738,0.8924618381145457
NG3,other,12.116767219635133,0.42439574061557384,0.4321500306053736,0.9820564863111608
NG4,other,12.112767325346987,0.4257705963072367,0.43229273576866223,0.9849126785583651
NH1,other,11.501721791485455,0.46837129305065806,0.45525890990337053,1.0288020351981044
NH2,other,12.172043958435733,0.44538961403175165,0.4301875135091476,1.035338311887755
NH3,other,10.610040368572474,0.5246410034754311,0.49351945354643567,1.06306043197559
NH4,other,18.014077881210035,0.3671684273299298,0.2906760678694136,1.2631532758138193
NH5,other,13.291823210507458,0.3742129463581069,0.3939460555467017,0.9499091083391862
NH6,other,11.487308831349583,0.4560774301787937,0.4558301166687036,1.0005425563187829
PA1,other,12.860120713653597,0.37545925847702044,0.4071704645232582,0.922118108239095
PA2,other,11.009010976543188,0.5317740956278648,0.4756341269856457,1.118031834675129
PA3,other,12.314379829983583,0.42163790465495044,0.42521518721178597,0.9915871242034123
PA4,other,17.912018409052695,0.33075162264941776,0.29233228803277217,1.1314235073901195
PA5,other,11.585054104187922,0.4151851107570168,0.45198419253912986,0.9185832549245022
PA6,other,9.906511209640884,0.5758656423716753,0.5285676474789278,1.089483333152041
PB1,other,12.974447360226616,0.3665605450479319,0.4035826096805754,0.9082664521597066
PB2,other,19.087062357540393,0.2217668945874168,0.27433563251994675,0.8083780169216345
PB3,other,16.14365515225929,0.36186524046389285,0.3243541363723135,1.115648607140073
PC1,other,12.116128438594227,0.4059361415588332,0.4321728142237362,0.9392912469239209
PC2,other,11.767173473924014,0.4592535243742058,0.4449888782898488,1.032056185626881
PC3,other,16.193350948360003,0.28393937344256226,0.3233587255350516,0.8780940516534279
QA1,other,13.25286286869071,0.3529526959040809,0.39510416554403055,0.8933155524141082
QA2,other,11.933350277362365,0.42092586119187314,0.438792225410221,0.9592828605802101
QA3,other,12.293403689976833,0.4547392828798918,0.42594072860983045,1.0676116471980808
QA4,other,14.49248721612782,0.4171812247098455,0.3613086730189687,1.1546393869375604
QB1,other,13.537078009235065,0.35544195813185436,0.38680883136163546,0.9189085907905356
QB2,other,15.075546392574275,0.30066778724389204,0.34733476243240663,0.8656426587949247
QC1,other,12.069253042200263,0.4096624384515476,0.4338513167712095,0.9442461567255819
QC2,other,12.464530053210074,0.4403155672885557,0.42009295997926377,1.0481384103896674
LS01,other,13.467697129326078,0.3733199488539955,0.38880153559449193,0.9601812613295765
LS03,other,9.813180768059096,0.6296830161690734,0.5335947078287814,1.1800773263499544
LS04,other,12.191252695110693,0.3988366276578658,0.42950970304335623,0.9285858382985258
LS05,other,13.472519208210521,0.3726150893739157,0.3886623758986656,0.9587114999550822
LS06,other,13.489937093622022,0.375259717018077,0.3881605442978077,0.9667641972651583
LS07,other,13.81241630637174,0.3625570764810317,0.3790981395766355,0.9563673324430546
LS08,other,12.82356329463474,0.3822750824062759,0.4083312262352472,0.9361887062392826
LS09,other,13.976195771661963,0.3634030634756708,0.3746556938920759,0.9699654093081885
LS10,other,12.40838174080139,0.4058830736237897,0.4219938936586366,0.9618221489055967
LS11,other,24.830737620380443,0.26189487797794714,0.21087820284910583,1.2419248383169614
LS12,other,12.742732386068393,0.4857959706503711,0.41092139159481256,1.1822114413780345
LS13,other,17.722629450304385,0.3002768539658027,0.2954562323545944,1.0163158569131918
LS14,other,12.357752810493178,0.40114859455235463,0.42372277590447605,0.946724172888902
LS17,other,13.465110998541292,0.3733990290891315,0.38887620944014256,0.9602002385970247
LS18,other,13.263595483188082,0.3790917606832218,0.39478445580164095,0.9602499670698689
LS19,other,13.482344282421044,0.37281605407836316,0.3883791435018322,0.959928102000679
LS20,other,13.465401700121227,0.3532221096015018,0.3888678140776423,0.9083346494985995
LS21,other,12.337186913532847,0.40398612466485334,0.4244291151218416,0.9518341467900484
LS23,other,14.784870617220122,0.3195315134703189,0.3541634864700657,0.9022147275967877
LS24,other,13.144333580824789,0.3587283043083926,0.39836643619896184,0.9004983143942071
WB1,other,41.367600504512424,0.13464127369115383,0.126578802273831,1.0636952733987883
WB2,other,18.86292928835968,0.33641277028725003,0.2775953429478638,1.2118818951167813
WB3,other,12.446770492624934,0.3783877101598346,0.42069236577521407,0.8994404009746545
WB4,other,11.511777353766158,0.42483055065940667,0.454861240266294,0.9339783499923929
WB5,other,10.537918884479986,0.5435192551259357,0.4968970991526003,1.0938265811026953
WB6,other,10.161224410766925,0.5787250560065524,0.5153179492084753,1.1230446307866242
CG3,other,11.557897344564203,0.5156281159563625,0.4530461872691902,1.1381358688048895
CG4,other,14.033236584132057,0.3133766834848182,0.3731328331430228,0.8398528771781926
CG5,other,12.128688037502108,0.38955128374382814,0.43172528707250957,0.9023128721167584
CG6,other,13.269395371776548,0.3674216160134994,0.39461190039908073,0.9310961368420893
CG7,other,9.97147014157447,0.47050809887036826,0.5251243046872042,0.8959937574221238
IA1,other,10.827181024893036,0.5631595606655236,0.4836218506705202,1.1644626062381753
IA2,other,10.286301893418248,0.5830935731933059,0.5090518807496758,1.145450189349246
IA3,other,10.081754829966624,0.5939074870270321,0.5193799505260183,1.1434932873814898
IA4,other,10.626129747512659,0.5691699826607858,0.4927721992129075,1.155036715890033
IA5,other,10.455419705661205,0.5697635432796692,0.5008178984884057,1.137666095799209
IA6,other,11.545824922693175,0.4901090652361565,0.4535198965741897,1.0806781994315025
IA7,other,9.606276268419062,0.5017788981166196,0.545087521792173,0.9205473947868764
LL1,other,12.020841507714296,0.3763861766344178,0.4355985661605449,0.8640666105767124
LL2,other,12.034981924602544,0.37466418554287106,0.4350867627062463,0.8611252229611724
LL3,other,11.924242934951085,0.4287109964023512,0.43912736040084627,0.9762794010626286
LL4,other,12.075768571233981,0.42571606104831755,0.43361723056509643,0.981778469673629
LL5,other,21.544993254692262,0.21464166049392225,0.24303842952761706,0.8831593460800075
LL6,other,12.969645077822157,0.3509640109675019,0.4037320445844286,0.8692993674276163
LL7,other,13.03226301123327,0.41291651208299707,0.4017921768682899,1.0276867889798507
LL8,other,12.314225268145405,0.39770188117158256,0.4252205242946739,0.9352838314454898
LM1,other,12.629204782835995,0.37199859832503734,0.4146152837682994,0.897213906212204
LM2,other,11.476323063887644,0.46915886121648065,0.4562664623201805,1.0282562931115744
LM3,other,13.045166656814517,0.3601835638864982,0.4013947435518732,0.8973300464756854
LM5,other,11.89313766693338,0.4721848511260235,0.44027585246590933,1.0724750142016586
LM6,other,13.239794923182329,0.35741439304875633,0.3954941413507119,0.9037160242831823
LM7,other,13.010432539201211,0.3513045027221016,0.4024663522159115,0.8728791880063479
LM8,other,12.158184708601924,0.4104176877158045,0.4306778890354291,0.9529574147282079
XA1,other,12.103409538155825,0.503211627419918,0.4326269641869319,1.1631536382981609
XB1,other,12.586075143510811,0.38424423265069024,0.4160360767830984,0.9235839247926979
XC1,other,12.215553776082404,0.3901672746331266,0.4286552554871408,0.9102122734730619
XD1,other,12.156874139823836,0.5059157492360067,0.43072431815761053,1.174569737320664
XE1,other,14.565497635009836,0.3299227254408867,0.3594975919132044,0.9177327828124697
XF1,other,12.200669969933113,0.50619526593048,0.429178179371097,1.1794524751287245
XF2,other,12.14496147450914,0.507537036929956,0.4311468040301168,1.1771791700316143
XG1,other,14.671449644293304,0.3295126794775758,0.3569014277222591,0.9232596282411142
XG2,other,14.565497635009836,0.3299227254408867,0.3594975919132044,0.9177327828124697
XH1,other,12.85069144012793,0.4650390015074536,0.40746922834460203,1.141286185945222
RA00,other,7.477777099506745,0.6627757734379833,0.700243034142982,0.9464939187137301
RC00,other,7.3179108289978005,0.6864687825080434,0.7155404660103825,0.9593710141029016
RC01,other,7.508259043807903,0.6640241331525585,0.6974001954716627,0.9521421666701263
RC02,other,6.7597839177532615,0.7353721704664138,0.7746196311174216,0.9493332481202527
RE00,other,7.1495633198642015,0.7127041721869295,0.7323889712613899,0.9731224802026205
RE01,other,7.255001522196692,0.7052729398285618,0.7217450346196562,0.9771774047607062
RE02,other,7.457185692700141,0.6860888501414196,0.7021766039605666,0.9770887356137966
RE03,other,7.313925299973612,0.7005687338301876,0.7159303807522346,0.9785430995316802
RE04,other,7.545182720415682,0.6821581255491864,0.693987345148751,0.9829547041711126
RE05,other,6.693862434305752,0.7732333344742442,0.7822481229921757,0.9884757939930249
RE06,other,7.481430977036578,0.681631598294116,0.6999010404394069,0.9738971067483753
RE07,other,6.865303793694407,0.7562185200380408,0.7627137097141823,0.9914841052502184
RE08,other,7.1830967281129325,0.710816894940752,0.7289699029542549,0.9750977263396812
RE09,other,6.7274445803139615,0.7504841784747265,0.7783432865617363,0.9642071710927513
RL_mt12_3000_015,other,8.562119090440389,0.6113087108794067,0.6115613751097903,0.9995868538454735
RL_mt12_3000_025,other,8.759015091187564,0.5935985512492804,0.5978139402992589,0.9929486605015126
RM00,other,8.028886326640528,0.7122718992588541,0.6521777880238695,1.0921437564089276
RM01,other,8.1654708181063,0.7023988433934976,0.6412687573620991,1.0953267804326865
RM10,other,8.240064388614842,0.6910811592149934,0.6354636417693974,1.0875227373996308
SU12,other,10.274856873204415,0.5687952064696224,0.5096189065620025,1.1161187293988677
SU3,other,11.448685759417325,0.49574777606681286,0.45736789661610966,1.0839146772973383
SU4,other,12.119585324346446,0.44979226862483923,0.4320495449860516,1.0410664097316906
SU9,other,11.502803965009607,0.4135532258504975,0.45521607955170756,0.908476752969185
SV12,other,10.805672286194435,0.5716779245874236,0.4845845021131608,1.1797280393707776
SV4,other,12.111924145005014,0.5025575042824427,0.4323228301394999,1.162458860015049
SW4,other,12.866966136304942,0.42632474298619494,0.4069538436126815,1.0475997454688
SW9,other,12.249108144139381,0.38741350072936503,0.42748102663366666,0.9062706332961116
XH2,other,13.16773456748215,0.4552518427411667,0.3976584808851258,1.1448312172994453
XH3,other,12.15328546633446,0.4491709678651184,0.4308515042544141,1.04251920541024
XI1,other,12.240857092901381,0.38812925579206825,0.4277691737648077,0.9073333928579577
XI2,other,12.000315590100007,0.38005595161856154,0.4363436349226773,0.871001479569903
RL_mt25_3000_015,other,8.334216856986473,0.6077751710769014,0.6282847464442944,0.9673562417622509
RL_sh_3000_015,other,9.462384506711397,0.5715495839136885,0.5533765110781095,1.0328403401152202
SB12,other,8.58859967020292,0.6335921864938879,0.609675794177492,1.0392280496368753
SB2,other,8.90018412472674,0.5876615800934809,0.5883317975698933,0.9988608171797263
SB3,other,8.857472404445527,0.5977778395530562,0.5911687991458436,1.0111796164086495
R_E00,other,6.178216566912168,0.8236583438467334,0.8475360596529816,0.971826902779777
R_E01,other,6.226534809037727,0.82286593061722,0.8409591346382825,0.9784850377672099
R_E02,other,6.424831080882976,0.76709442022146,0.8150037345548206,0.9412158346004021
