w,rmsB,rmsP,move,n,gain
0,5.472418423960352,2.09019351715927,4.420357823034056,6014,-3.3822249068010826
1,5.19294247600545,2.3229345088803774,3.1801589149554768,4301,-2.8700079671250722
2,5.335676960013122,6.390858001362972,7.828809151003088,4296,1.05518104134985
3,3.998806182488759,2.0419049087943115,3.1255021777092393,3941,-1.9569012736944473
4,9.198587542650056,5.1226051500826015,4.204385657401627,6234,-4.075982392567455
5,4.643954469943995,3.0863136263627466,1.7696269453695648,5108,-1.557640843581248
6,8.851550949363757,13.68939710112303,3.9926867332426763,2786,4.837846151759273
7,6.0947044527298155,1.3548978418376747,5.544876050625279,4798,-4.739806610892141
8,2.4662160096829915,3.3481615020201025,2.405821572224092,2445,0.8819454923371111
9,1.1865481768053237,0.6492050791993135,0.7518404378019571,3879,-0.5373430976060102
10,6.529981755593046,4.878972261372325,2.06420779922378,6258,-1.6510094942207214
11,1.0965221322659224,2.3245528219613223,1.729871264610645,3509,1.2280306896953999
12,7.2164719687390635,4.8030539368132015,4.423980968568081,3885,-2.413418031925862
13,2.7750395237831813,0.5654660300003002,2.155700820275075,5488,-2.209573493782881
14,5.392389730446321,5.525043582377942,5.0697178630026905,5821,0.13265385193162071
15,5.9680371801336,3.8130259833421176,2.1909071071742954,5054,-2.1550111967914827
16,11.684467835734939,4.853411387537938,5.16239394076675,4879,-6.831056448197001
17,4.790213109859126,4.79377837864588,2.6097701920435816,4215,0.0035652687867537836
18,4.131923208596122,2.379225511357226,2.2227176234986485,5414,-1.7526976972388963
19,1.924554498220737,0.4777116649891648,1.4998074598237932,3271,-1.4468428332315721
20,19.43251670104077,14.216054583846175,3.9827397156171056,3272,-5.2164621171945935
21,3.825834867102538,2.4893505055679706,2.402753979665984,4883,-1.3364843615345676
22,4.814697465698653,3.1185360785425678,3.7694679258251953,4570,-1.696161387156085
23,14.063093120697937,2.434039336517998,10.307439949659905,6510,-11.62905378417994
24,3.713722227573663,1.2396017640399244,3.4227467619282796,5597,-2.4741204635337386
25,4.871782899449424,1.8209581363567817,2.849425122348845,5947,-3.050824763092642
26,3.4155730107586644,1.6429829634246134,3.1849512490280203,7306,-1.772590047334051
27,4.287691801117696,1.5590817636884156,2.4576211577354843,5842,-2.7286100374292808
28,0.9062285421127922,1.5671403026510717,1.1752179355978505,3799,0.6609117605382795
29,4.352366517059111,4.880976673770749,2.8455185387789035,7240,0.5286101567116379
30,3.063009406661014,3.295599032554004,1.1907499791186684,3154,0.23258962589299026
31,7.401368008316108,1.370073050371984,5.933517146278103,4558,-6.031294957944125
32,7.041894619946788,13.323843887720587,6.786628476536254,6310,6.281949267773799
33,7.248563295626822,2.0944684650894874,6.146229911996979,6251,-5.154094830537334
34,5.824715489575046,5.984599872069883,1.6084297484363803,5620,0.1598843824948375
35,2.4383963247737577,0.43560438302856763,2.437844245604186,4606,-2.00279194174519
36,16.014511832951108,4.366516909725395,10.357723379757555,4474,-11.647994923225713
37,4.222978118396977,8.58667502023903,5.4995133394821885,4804,4.363696901842053
38,2.637127944546806,1.975570889967352,1.9555861717066159,5618,-0.661557054579454
39,13.476520869603444,8.517605663484261,4.400448244893737,4261,-4.958915206119183
40,36.18857153116433,8.641061960173204,25.632874448887872,4655,-27.547509570991124
41,2.6475594585938045,1.5151326819046405,1.907597963298954,5036,-1.132426776689164
42,3.2632955498927427,2.387786772084534,1.353542268552099,5328,-0.8755087778082089
43,8.738674015882701,2.8738789117980956,7.919850977308604,4911,-5.864795104084605
44,8.148252676008592,2.780437832596208,8.022482614311333,4641,-5.3678148434123845
45,4.596552169596404,3.051071250940579,4.261775773817624,5730,-1.5454809186558247
46,9.72212512858387,5.647387838778846,5.004636131227297,6958,-4.074737289805025
47,14.752863652049923,5.408912281008825,8.704736460375061,4805,-9.343951371041097
48,20.7631291161979,4.419990129001287,13.161266431088126,6535,-16.34313898719661
49,5.017183310476891,3.5835258250329844,4.994701164508216,5172,-1.4336574854439061
50,10.697560812378532,1.317681254329728,8.164448221853114,4690,-9.379879558048804
51,10.345866719922066,3.2383007021633143,7.701268991038666,4316,-7.107566017758751
52,2.9670517013764965,0.5201134549488512,2.29187780212099,3442,-2.4469382464276452
53,5.015123696340796,1.2059450867533958,5.109973395084961,6124,-3.8091786095874
54,3.065832281146914,3.4532247430823753,1.9022410951229123,4319,0.3873924619354612
55,2.1556318849138303,1.8525770165715767,1.899005033957472,2885,-0.3030548683422536
56,6.9966931277658615,6.292243557218682,1.916208096824657,4721,-0.7044495705471796
57,12.61104307673523,12.823942086272602,1.69213823411754,4837,0.21289900953737195
58,3.7708149524841694,5.047161025466177,2.526170920751546,4958,1.2763460729820073
59,4.787909760986145,2.8144586203071214,2.479671466510029,5766,-1.9734511406790238
60,2.335202029851031,1.380781738259395,2.11455840849507,2626,-0.9544202915916362
61,3.4724447261874607,4.452889167044873,1.7102370567323177,4290,0.9804444408574122
62,2.3610244148687274,1.5089477657959616,1.3824270785164343,5266,-0.8520766490727658
63,4.466978268658807,1.1214261874014353,3.1619870022979586,5587,-3.345552081257372
64,2.973323787184471,1.6018580357373486,1.3059331621809034,3431,-1.3714657514471225
66,8.497665027650237,4.479467281670123,5.057449302415386,4990,-4.018197745980114
67,2.9729107911304524,1.519527419727926,2.0409896077973633,4266,-1.4533833714025264
68,4.097625826546006,6.854733193279641,3.512758141423353,5203,2.757107366733635
69,1.4452026503676871,1.2958300872643091,1.063111469252728,4256,-0.149372563103378
70,4.826632948889394,6.756131903537758,2.9874323521693538,4210,1.9294989546483645
71,2.6148635719816586,2.209583327007842,1.3337245861350242,4790,-0.40528024497381665
72,10.239309392908527,0.9179641154667842,8.12422705279277,5500,-9.321345277441743
73,4.887603194942773,1.2570010241554976,3.7475385227252414,7338,-3.6306021707872755
74,5.107897871458314,4.03028093189976,1.4127631421617377,5331,-1.0776169395585535
75,6.189446211551184,2.8876843406569326,3.1463814652967317,5428,-3.3017618708942513
76,3.8235224560476935,0.9819624486299279,2.9317576382501596,5698,-2.8415600074177654
77,3.0663408883304846,2.1980412092038333,2.226228476573153,5556,-0.8682996791266513
78,3.1221261623640353,1.76329288541723,2.6193974104608984,3088,-1.3588332769468052
79,1.7948053414058756,0.5643673277205716,1.2817703373658804,2594,-1.230438013685304
80,3.101718197911583,1.437542269803606,1.7219101455740697,2174,-1.664175928107977
81,2.2770794901939277,1.4712505425968487,1.5171193902407087,5245,-0.805828947597079
82,4.621112183512149,2.3759777017925168,3.8814910921056507,6408,-2.245134481719632
83,4.251407825166989,2.7907391202281313,3.7800806169711763,4169,-1.460668704938858
84,11.103904648242937,2.06900538594992,9.155309799643623,5449,-9.034899262293017
85,3.6065387031573146,13.926935142076033,10.750389062293618,3595,10.320396438918719
86,3.636065345212334,4.995759003029172,4.59567326074767,6062,1.359693657816838
87,2.2451090928264104,0.80998709082192,1.416163598186991,4079,-1.4351220020044904
88,4.909824895533521,3.376193879653681,1.7626925461586318,4494,-1.5336310158798399
89,7.709489708477621,7.322442979561354,11.834893868377746,4991,-0.3870467289162667
90,5.812089547554562,4.009404446133814,4.890038217680296,9965,-1.8026851014207477
91,7.28894502934174,3.029449714271695,4.15452706560267,4367,-4.259495315070044
92,5.236795584495892,2.06407030301149,2.907439179634976,4798,-3.1727252814844022
93,27.068292885512808,9.732738609985866,16.44541373499737,6463,-17.335554275526942
94,9.134220700863661,6.872182524809473,3.1192385234086335,5452,-2.2620381760541886
95,3.0984526859202473,1.6186714191981566,1.9223986345787822,4231,-1.4797812667220906
96,4.647290559515865,1.732075250990359,2.845648399030455,4583,-2.9152153085255055
97,4.485462251017847,7.177216251174318,3.062635497934787,3072,2.6917540001564717
98,2.33788622309457,1.313324320672634,1.9464748944323482,4201,-1.0245619024219361
99,9.516511685332615,3.914505000424348,6.445119319333139,5118,-5.602006684908267
100,4.433317960248094,7.379816761276932,3.6231403900073444,4711,2.946498801028838
101,3.9809099039218196,1.4783358125474417,3.278192777097909,5649,-2.502574091374378
102,3.3982757744111662,2.618651289654851,3.2720093265147683,7376,-0.7796244847563152
103,2.4543974838370164,1.9248186749321636,1.427832502352394,5069,-0.5295788089048528
104,4.060706663509911,1.346348088161625,2.4147201389071857,5659,-2.7143585753482857
105,6.890214610926885,4.800824213971473,2.4837284687204906,4988,-2.0893903969554124
106,4.591397326923635,2.103849889531138,3.0818426986191305,6858,-2.4875474373924966
107,2.4323232025865287,1.2054843236739383,1.4908455525847288,4727,-1.2268388789125904
108,2.495668751862433,2.20202012968449,1.2143665771773644,3892,-0.2936486221779431
109,5.017447259110324,0.9656263253117401,4.069598705635155,3723,-4.051820933798584
110,2.2845079197478566,1.94219623030308,1.8978770836153283,4282,-0.34231168944477663
111,2.689437463984507,3.877429787766831,2.9086237198473355,3279,1.187992323782324
112,6.966123402824747,4.378116576356603,9.253914738507495,3720,-2.5880068264681446
113,1.1725953378120146,1.0232860146126244,0.6589719606522005,4357,-0.14930932319939028
114,9.164648732225663,3.926396892071587,5.695670672961813,6041,-5.238251840154076
115,3.8487858632398004,9.496992102211289,4.463920870088092,3256,5.648206238971488
116,2.2645877110933115,1.6333136209135746,1.1437042966715845,3649,-0.6312740901797369
117,8.248119168498134,1.4528758459793987,6.003768115752998,4460,-6.7952433225187345
118,6.535411659604934,2.3068280338570304,3.9653808501955328,6197,-4.228583625747904
119,3.4275927314035,2.452537089326284,4.6431220596118825,8226,-0.9750556420772161
120,5.675588159808757,2.022227420356671,2.6088132838410925,4449,-3.653360739452086
121,3.952198365547846,1.9780094185890398,1.6549149234883016,3606,-1.974188946958806
122,6.769824716587677,2.764367158937719,6.274634432927201,4406,-4.005457557649958
123,6.017098140367939,1.7490327924875022,4.9164691049854365,5952,-4.268065347880437
124,5.1580749012450156,5.610499217342042,2.3308714355806517,2917,0.4524243160970265
125,2.125052833069088,4.139939720857755,1.7250055496798113,3991,2.0148868877886668
126,8.371946615453265,1.4235160176912034,6.730060011498452,3872,-6.948430597762061
127,2.6715153293788236,3.4089792875949994,1.0478897862384855,2588,0.7374639582161757
128,2.692689127831308,0.8456036564021193,2.36761085954065,5015,-1.8470854714291884
129,3.183639428721053,5.533493611879792,5.515081364508079,5809,2.349854183158739
130,4.259557287998608,3.2640939190094467,1.5807682924287965,3106,-0.9954633689891614
131,6.086812707135314,6.36401909270331,1.2113784549378246,7312,0.2772063855679958
132,2.4692027287508527,1.1939392869782983,1.6973913661477444,5392,-1.2752634417725544
133,6.354568415294843,3.8469029696818384,3.2097278248170573,4489,-2.507665445613005
134,3.105104766067186,1.0642373655141137,1.8571869877506257,4472,-2.040867400553072
135,9.384189791867874,5.17175944668961,3.5311004233563406,4697,-4.212430345178263
136,3.4705517314881846,1.5888715022437312,2.4002873052716134,5162,-1.8816802292444534
137,6.177163796354545,5.104355240701029,1.3625330966140587,5645,-1.0728085556535163
138,3.317733270727452,1.0705531837844475,2.403761649090407,5460,-2.2471800869430045
139,4.095761456260051,0.5056925333632064,3.532587688747066,6287,-3.5900689228968443
140,6.061998941873084,4.356226641606834,1.8509399184062476,6367,-1.7057723002662506
141,2.4241660368925886,1.5898977245181805,1.972107805068996,3821,-0.8342683123744081
142,5.390556471716471,6.616788115241903,2.879212398997342,6645,1.2262316435254315
143,5.110928852656508,5.669454365275273,4.232997433917615,5200,0.5585255126187647
144,2.3115938163908076,1.3865620371743521,2.6079387984098905,3274,-0.9250317792164555
145,12.87746276748968,2.490412368124043,8.868094445445788,4442,-10.387050399365638
146,10.606886008078314,5.964623092092337,7.101630538940936,4898,-4.642262915985977
147,11.08167695962733,2.732166183331869,9.641161984015834,5126,-8.34951077629546
148,2.2222679657786473,2.247253339499556,1.0082188522924327,5255,0.02498537372090892
149,3.604765658820331,1.7844466963290877,2.4535199092331212,8550,-1.8203189624912435
150,14.511114610770589,7.377817864690093,6.962660932380424,4026,-7.133296746080496
151,1.7824895534125245,2.252475150658517,2.6468448774005133,3591,0.4699855972459923
152,15.24816150351729,5.143699191391613,8.374295558172124,4801,-10.104462312125676
153,4.5122687354502675,3.0660045339489117,1.832631930121995,4972,-1.4462642015013558
154,2.576313349590356,7.285398814434848,4.624277905193075,3488,4.709085464844492
155,3.531953294952005,1.8003574349082958,1.9420251193445837,6065,-1.7315958600437094
156,9.51309109484355,4.435968430224036,6.003467532221424,4539,-5.077122664619513
157,4.19065003152407,1.8465044961939021,2.223847128530344,4475,-2.344145535330168
158,4.35385310685137,1.0100106677040308,3.5680513689087383,4842,-3.3438424391473394
159,2.4031088671204066,0.5764286403702502,1.9685863064445384,5260,-1.8266802267501565
160,8.818972586033556,5.358051846737156,4.071123041738688,6513,-3.4609207392964008
161,3.9656164570857264,0.6168974503739049,3.163777591386045,3894,-3.3487190067118213
162,5.594438266063557,1.3403538502151755,3.938776738154428,6217,-4.254084415848382
163,7.5438751230609284,11.453199238725212,4.874013590209527,3121,3.9093241156642833
164,7.2009986586022015,2.8747014678591074,5.300539037471848,6564,-4.3262971907430945
165,6.489411211000335,6.279019835214159,2.4390561562557913,3057,-0.21039137578617595
166,3.5632446521076044,1.4566011346762073,2.6002598728152972,4010,-2.1066435174313973
167,5.128792607021173,1.4680684537603335,2.9978685450284024,5895,-3.660724153260839
168,2.3271999374788592,1.2146250588782146,1.1059879040003207,3368,-1.1125748786006446
169,6.4135158600443685,6.826517243326781,2.976354230361015,6443,0.4130013832824124
170,4.137823815805635,1.5406813522353344,3.7497717531851156,4904,-2.5971424635703
171,4.692570499258502,8.399369465453697,3.92495277379748,5931,3.706798966195195
172,4.372555494829389,0.878514773509141,3.4690609483726935,2860,-3.494040721320248
173,2.7533785405941638,5.931852589180072,5.532761800050708,4201,3.178474048585908
174,17.653898225495503,3.1843850456977756,11.143096992229152,2699,-14.469513179797728
175,2.7549780644326756,2.9509970563050505,2.6756476334483117,3693,0.19601899187237493
176,7.273204514173938,4.28265589059587,3.284322625700113,6233,-2.990548623578068
177,1.7824489314100387,1.6315361715643282,0.47280524252068573,3881,-0.1509127598457105
178,3.4205081074549515,4.028774649323507,3.4539425216629183,3051,0.6082665418685558
179,6.436305288522507,6.323130909893908,1.4937613480642413,4683,-0.11317437862859947
180,9.881836183156887,5.2376970974098525,6.8916341813962365,6783,-4.644139085747034
181,6.908140483566812,6.692513498964946,4.230160847731157,7429,-0.21562698460186613
182,7.1366241206820185,3.67786543317799,2.5830771779807504,4911,-3.4587586875040284
183,5.954802573623615,1.2697511030659505,3.4776371732931026,9818,-4.6850514705576645
184,1.760793994042462,1.7547427023266662,1.6524981435012462,4120,-0.00605129171579577
185,3.1057943452562724,1.8501525079793886,1.8488084243877827,5772,-1.2556418372768838
186,4.046681001016782,12.028480876304004,14.239187840999668,3017,7.981799875287222
187,4.916883937312988,5.338407161971584,2.215779488895891,4204,0.42152322465859626
188,4.321267398000527,4.862214610342441,2.785707382327083,6096,0.5409472123419139
189,4.797360226546288,1.9841363667444698,2.8389447843251014,5632,-2.813223859801818
190,4.141643202892036,2.341050443646433,3.215707445620692,5971,-1.8005927592456028
191,27.896695678371845,11.67818499405729,16.2704590659447,6548,-16.218510684314555
192,10.5520265979754,7.147639211125009,11.585858344437915,5947,-3.4043873868503916
193,3.2980409610938515,1.625179230792165,1.7743239071046322,4648,-1.6728617303016864
194,11.783810517568645,4.76244578193842,5.671781001042573,6063,-7.0213647356302245
195,5.195994587534068,0.9231206952509136,4.103518130686151,5143,-4.272873892283155
196,2.847430596184818,1.5568496459863734,2.1012171459184033,5415,-1.2905809501984447
197,5.282959679989728,3.1701493416385174,4.9303832055079,6723,-2.1128103383512102
198,3.581435592409532,3.039672844169225,2.7405707107174715,4340,-0.5417627482403069
199,4.418281019162911,3.230758835412725,2.509308882857037,4397,-1.1875221837501857
200,2.7131357598327894,2.075486061474169,1.0184858091434372,4263,-0.6376496983586204
201,1.8551300922270324,1.9579472408271263,1.627620936238824,5193,0.10281714860009394
202,13.086213614493543,15.262343559342476,2.640767032855191,4221,2.176129944848933
203,4.874338842514814,1.4390746758322264,2.5046057224705605,5505,-3.435264166682588
204,7.751723086577384,1.939995505881733,6.00715913192658,5361,-5.811727580695651
205,4.265005748892647,3.1087366890187647,1.8038108613430508,4946,-1.1562690598738823
206,3.017414500954012,4.321459229149895,2.018641900603635,4174,1.3040447281958834
207,3.18595536986494,4.657739460938362,2.7064037008468356,5393,1.4717840910734226
208,2.6978343912578078,2.336336919398872,1.7809261340944902,5119,-0.3614974718589359
209,4.053243155652989,5.566624162912188,1.7884971766953983,6248,1.5133810072591984
210,9.811888660710613,1.0014670643512178,7.734399312350763,3705,-8.810421596359395
211,6.2952804417508395,6.7784840467611245,1.9077679722821235,5487,0.48320360501028503
212,2.565940686882618,3.9761942845990332,2.1264584919539935,4998,1.4102535977164155
213,3.3018648065012908,0.7691246497305677,2.3865257156669895,2584,-2.532740156770723
214,1.5066314608286406,1.23606472832998,1.011580287210354,3922,-0.2705667324986607
215,3.431020949408069,3.1475825476916075,1.8647765523273798,5121,-0.2834384017164613
216,3.2165635561651924,2.1531354702948704,1.7151016032169915,6439,-1.063428085870322
217,9.323042247762672,2.8628819967299415,5.653043095982886,7337,-6.460160251032731
218,21.03673722677765,7.318957372378152,10.941315136021437,4543,-13.717779854399499
219,10.730204933203373,8.127130054859515,3.5810897947360156,5909,-2.6030748783438575
220,2.859380826680683,1.0853726598428182,2.4836761435887107,3589,-1.7740081668378647
221,4.371885684150644,1.492324891047977,3.1516442831767475,6140,-2.8795607931026677
222,3.949911033589624,1.5268724402474871,2.2890790430846337,3628,-2.4230385933421372
223,3.2345251128206307,1.0683962706826982,2.617104810214529,4967,-2.1661288421379323
224,10.027177810093756,3.8749121616503106,6.472118929559137,4857,-6.152265648443445
225,4.434438875738552,1.706820216661261,3.6393558827883328,3647,-2.727618659077291
226,7.186105498092791,4.092181184216128,5.484210967669283,5165,-3.0939243138766637
227,2.396670685976283,2.647668679341699,1.0938984505333165,4700,0.2509979933654156
228,36.956764820899586,7.129338037790301,27.725641916043113,7964,-29.827426783109285
229,2.1703130462473537,0.8932352232724872,1.3550720817358726,3708,-1.2770778229748665
230,2.6295475177808902,1.797140896199121,1.91213005790085,5607,-0.8324066215817691
231,5.7195309417552975,11.956659699604174,6.760885119623385,4959,6.237128757848876
232,16.66062941265978,4.776757192002908,10.450214846875934,4279,-11.883872220656873
233,3.800820217677865,3.36196923056546,2.135032900851057,4947,-0.4388509871124051
234,3.917884829818104,4.573471250931578,2.356046578621366,5292,0.6555864211134743
235,1.3376915751434488,0.574895033035151,0.8744321219760474,2031,-0.7627965421082978
236,3.8618692268869435,4.397477703302487,1.2156823258029994,4593,0.5356084764155433
237,4.878936982978055,8.095860982890668,3.5223235133041335,4663,3.2169239999126136
238,5.8644905642325655,2.0383653634620673,4.261987881973367,5319,-3.8261252007704982
239,6.567697241480693,3.8937485833652388,3.1124037114728846,5234,-2.6739486581154543
240,6.746418720872093,2.94668826467838,6.140515275177306,6163,-3.799730456193713
241,4.675130007590286,5.4518817376801,7.657583271365788,4546,0.7767517300898144
242,3.1215590152039723,1.7430314776120768,2.186669055170822,5981,-1.3785275375918955
243,7.529656418569849,1.3456688109729085,5.3679470440046,4089,-6.183987607596941
244,6.123073050550567,3.520022676555615,3.367913790416299,5368,-2.603050373994952
245,4.500294223697558,2.910791827802248,2.143839015759491,3888,-1.5895023958953094
246,8.779744639324232,5.1085843435912075,4.760522532645657,4044,-3.6711602957330243
247,6.321375005601708,4.369005193641636,3.5001815324498,6576,-1.9523698119600725
248,5.753917321855971,4.464386227479868,1.9252963994365682,5755,-1.2895310943761027
249,5.2424862424275585,2.8748276599171816,2.291070125345862,3589,-2.367658582510377
250,11.043145882077775,2.611378952611713,9.109293322632833,6349,-8.431766929466063
251,24.94663156631566,16.836319831092354,8.306183280625254,6570,-8.110311735223306
252,2.7627355142679417,1.3477408226559895,1.6332564112284205,4517,-1.4149946916119522
253,10.92239467299942,7.03317198171607,3.746084480286365,3371,-3.8892226912833507
254,10.074685310598515,1.7100182799716557,7.65752317187239,3964,-8.364667030626858
255,7.110793335347862,6.041682460481787,5.9537223745584145,5101,-1.069110874866075
256,5.769646606178104,4.572401845918101,4.177874503072835,3691,-1.197244760260003
257,6.36640885599331,4.970837844331089,2.4019539189449004,3348,-1.3955710116622209
258,2.6240099963416483,1.4842480402705087,1.281346349660487,2532,-1.1397619560711396
259,4.164102520517075,2.342206197437351,3.7186799105922437,3035,-1.8218963230797245
260,3.828898666131112,3.3856418251908424,1.792786083387263,4630,-0.44325684094026974
261,3.1824875391988456,2.2092340842589744,1.2814430118062625,2887,-0.9732534549398713
262,3.780842688972108,2.0380871418052062,2.4291637564960884,9839,-1.7427555471669018
263,3.559071761272197,2.2891775038886055,1.880197973639026,4871,-1.2698942573835916
264,7.110906729002047,4.776760831637026,2.5861324807951354,5843,-2.334145897365021
265,7.845777553426477,3.387053373567196,5.027696527808622,3449,-4.458724179859281
266,6.119534618044839,5.916186646391074,1.3806584790254472,4772,-0.2033479716537654
267,5.760788171034301,2.7356648537384567,2.6937303374057606,3595,-3.0251233172958445
268,1.1722529257913767,11.621070136793733,10.584799210195301,2879,10.448817211002357
269,6.980596267998838,2.6533001584926725,5.805848764885622,5840,-4.327296109506165
270,8.721405155549185,7.209361307995924,2.9356171119924435,4526,-1.5120438475532607
271,9.687648412611743,3.869098287648479,5.412094253299853,3564,-5.818550124963265
272,6.970463051220582,3.750933349298559,7.321359798498111,6447,-3.2195297019220233
273,5.622932870951649,1.335598658136258,3.6830899439837816,4205,-4.2873342128153915
274,10.547521729579822,3.8422179647611934,5.448203096329146,3525,-6.705303764818629
275,12.089971758562639,1.3057546718302417,9.850355213074126,5532,-10.784217086732397
276,3.2625248271176415,1.482477003954483,1.8956294452698441,7439,-1.7800478231631585
277,2.999594488768457,1.2960435879754666,1.64574530611584,7265,-1.7035509007929903
278,6.384735240217451,6.921472403801819,5.250666296023721,6052,0.5367371635843678
279,2.978026472741447,4.636641677460735,2.215379829742499,3674,1.6586152047192875
280,5.916843225174468,6.38357070660075,2.6044456724839553,4030,0.4667274814262825
281,3.4098667531610753,1.5312665325770751,3.8721368848978868,5783,-1.8786002205840002
282,1.997274228523899,1.0583395353086633,1.419496404064062,4701,-0.9389346932152356
283,5.573559270097717,7.393162352572247,3.665135040341865,4319,1.8196030824745302
284,2.9131446793042195,2.359264556906677,2.657120404985471,4450,-0.5538801223975427
285,5.377974267733303,2.537011325368439,4.4025104147889005,6557,-2.840962942364864
286,4.873634177153577,2.0043146434874135,2.3890969318159003,3685,-2.8693195336661637
287,6.57841559251209,3.9044330195840775,2.6805489081759353,4897,-2.6739825729280122
288,5.881252994168485,3.6042696536745176,2.943722508037958,3236,-2.2769833404939677
289,1.7107779464942807,2.30461998093507,1.9723826113620064,5674,0.5938420344407891
290,22.31474302381642,8.37163701150253,11.913913005565995,4760,-13.943106012313889
291,1.504483856517446,1.510442534241706,1.2389086990263891,5884,0.005958677724259953
292,14.11072728442456,3.3240954917422565,12.71838291185205,5385,-10.786631792682304
293,5.582493021184572,3.9181588615122025,3.2494703912981664,5649,-1.6643341596723693
294,2.256992618196276,2.1588780615824184,1.996367889429841,3566,-0.09811455661385748
295,3.953108305389428,11.27929387809249,8.291817330659212,5453,7.3261855727030625
296,4.927382467592947,2.9521471840383327,4.184607181290295,4670,-1.9752352835546145
297,15.012077292762013,3.1869101998306744,12.908157914469347,4672,-11.82516709293134
298,5.246568477614588,1.6999655893007968,2.3814879144764376,4404,-3.546602888313791
299,2.621745568799911,4.713828088834541,2.9568533186826294,3099,2.09208252003463
300,7.811322417267195,7.843942946291986,2.230939821671107,4581,0.03262052902479162
301,6.455208003934284,2.6300608804803334,4.265975728377807,5721,-3.8251471234539505
302,6.703306518496222,1.9114218883777931,5.8073116152451965,4404,-4.791884630118429
303,10.073944779568585,7.867962286306817,2.890770205506157,2997,-2.205982493261768
304,5.680819148287228,9.386928746704234,3.612616294568187,2712,3.7061095984170054
305,19.483816732530695,12.761992866557824,7.30386487100942,5185,-6.721823865972871
306,6.086709356013683,3.9498403613232558,5.20089704141479,5694,-2.1368689946904276
307,2.4334615652162346,4.049149678019178,1.9869339800510213,6004,1.615688112802943
308,10.670004488272717,5.155111411871822,4.9514638009909255,3217,-5.514893076400895
309,6.7356695283703285,4.2171997064247115,5.170326909293107,5729,-2.518469821945617
310,3.1285445700619046,4.20446710684375,2.361905769440144,3932,1.0759225367818455
311,3.937895973387914,2.142517104855976,3.6723290004582503,7823,-1.7953788685319378
312,18.191290765711784,20.67843521234763,2.727399669537431,4971,2.4871444466358454
313,5.653663834638308,2.179576944551149,3.0592296619704533,5813,-3.474086890087159
314,13.504601094664904,10.480083200353933,4.8458075971269245,3808,-3.0245178943109714
315,3.8238697616007498,0.9224961270741452,3.2972131706647554,5770,-2.9013736345266046
316,11.985383291885949,7.217185751804687,6.299399929846286,6080,-4.768197540081262
317,7.854124467923361,4.23773709637294,4.094032271057128,8161,-3.616387371550421
318,8.16653758525836,12.39684879541032,2.9244443058132457,4259,4.230311210151958
319,2.43921970179188,1.6279653585432414,2.3164466265621675,7326,-0.8112543432486388
320,2.8770688952901944,2.960295878549307,1.3913034224284893,5558,0.0832269832591126
321,7.8626016178001965,4.498099973160433,4.081716541033744,3866,-3.3645016446397635
322,1.9659042186162377,1.7318116561031036,0.44759917513776365,4009,-0.23409256251313404
323,22.947291215823803,25.290215503290405,2.916800314462303,4319,2.3429242874666016
324,2.994649900548498,3.0597468254534155,2.1918141759570915,5917,0.06509692490491759
325,4.76664254738162,1.7913732210340754,4.336578545103269,6873,-2.9752693263475445
326,17.503745941948942,9.37370601150029,8.186774224457894,4139,-8.130039930448651
327,2.697993422099339,0.8135196341778715,1.6766017328034417,6258,-1.8844737879214675
328,4.479080793468919,3.425529474939784,1.4256698245404393,5140,-1.0535513185291348
329,2.4436360005493922,2.870706153862582,1.4654805254545236,4500,0.42707015331318976
330,2.5413187167332114,2.9143993662892145,1.0151683647197247,3221,0.37308064955600306
331,4.603721835191711,1.1717572064409068,3.485940508417601,3303,-3.431964628750804
332,9.505418660694508,7.144610757630272,3.1673581729097053,6347,-2.3608079030642353
333,8.809875619172304,1.5340839565153752,6.5852768123586305,5723,-7.275791662656929
334,2.398181481319077,1.9692647400920493,1.2420177862036546,4641,-0.42891674122702783
335,12.096560330811391,7.349966830975008,5.7479904811250915,4191,-4.746593499836383
336,19.688462388226966,5.55957880556842,12.744999689756312,6315,-14.128883582658545
337,2.224261518930915,0.833491410814829,1.5241595105852779,5513,-1.390770108116086
338,3.9106930012459036,2.1445112644767637,2.4561863739709247,6039,-1.76618173676914
339,2.8375494723601733,4.464464125697024,2.9038567629147356,5316,1.6269146533368506
340,3.389494775281291,0.8744667412892202,2.785514046973281,3054,-2.515028033992071
341,6.6127076327158685,7.634246213148943,1.5296445933047587,4356,1.0215385804330746
342,2.900514185203653,0.6915776642858744,2.1904666056945596,6014,-2.2089365209177787
343,12.153037113612823,4.636552705135472,6.850956234012605,5499,-7.516484408477352
344,5.608281966260957,3.2999040287114716,2.78064354677558,4154,-2.3083779375494857
345,4.180426278877887,2.957594743349496,2.5235783971555565,4877,-1.2228315355283907
346,6.961393085532478,3.7238134733277564,4.050846182488562,4312,-3.237579612204722
347,9.521145354027526,8.50112555028755,2.7024972276853276,8496,-1.0200198037399755
348,2.2451852741278566,3.720853393559952,2.8850762409365593,5293,1.4756681194320955
349,6.587730469401909,1.1523219472190753,5.062743044561304,4487,-5.435408522182834
350,2.150603639503219,1.1383267599552491,1.2546721064836839,6236,-1.01227687954797
351,3.136967755799536,4.1454910528182465,2.172486764678805,6361,1.0085232970187104
352,2.1336610810264967,1.3127896205154186,1.26920406165642,4359,-0.8208714605110781
353,4.56270309133404,3.7937497962598177,1.0168805383503432,3517,-0.7689532950742222
354,3.9636784995302343,5.733617835613815,3.4028867917081604,5609,1.769939336083581
355,5.420584069773926,2.789464532865687,3.76818678916649,6328,-2.631119536908239
356,5.060621836387613,6.075555474211435,3.605215074998865,3963,1.0149336378238223
357,5.855780736335765,5.750010257216433,1.490601840491017,6258,-0.10577047911933235
358,5.803607563602019,7.635064901484745,2.0292837074010404,3274,1.8314573378827266
359,4.5408914560522815,2.8131077238965916,2.561931034193234,4401,-1.72778373215569
360,3.825738898913764,4.012295385367257,2.7928280472105853,4232,0.186556486453493
361,2.9537921562002754,1.755631370945753,1.8129930751466856,5973,-1.1981607852545224
362,2.6191938506077292,2.387460050856719,2.369591651486194,4840,-0.23173379975101005
363,5.326422783794119,4.215916217569484,2.114275566399528,4858,-1.1105065662246352
364,10.432177505037687,2.7286727612198294,9.806323339946442,5704,-7.703504743817858
365,2.8713464672822977,0.851647714336676,2.023090159665111,2267,-2.019698752945622
366,1.743631540776177,2.5854734219166855,2.18299276216837,2957,0.8418418811405084
367,5.324980675815362,2.7289606799514003,3.2350288404485035,6191,-2.5960199958639616
368,1.6823373434494733,2.808193946262615,1.409525452561182,4041,1.1258566028131418
369,5.98580296631369,3.8566523156568437,3.657742399653896,5223,-2.1291506506568463
370,3.052293702683422,4.02677988275945,2.5599645813732255,6168,0.974486180076028
371,3.2508376203322435,3.966881623461971,3.8668268412816955,6290,0.7160440031297273
372,4.828636322143253,5.027141628843814,0.9988677545201248,3838,0.19850530670056088
373,4.845658054104929,0.9844646383155448,3.935789955370051,5641,-3.861193415789384
374,2.9589906304936218,4.315385990232257,2.3111613648678637,3899,1.3563953597386353
375,5.489829743050638,1.7278446630098603,3.242650451250732,5581,-3.7619850800407777
376,5.404561492894092,2.0157500645383726,3.471542379073077,5787,-3.3888114283557194
377,2.6802738079944266,2.931281448659115,1.1511304105401352,4753,0.2510076406646884
378,6.097185688957086,5.505892930971752,2.45462469809478,4501,-0.5912927579853333
379,11.131893454771788,16.825620515696922,5.643919318390744,4799,5.693727060925134
380,3.830826126386051,9.931780728472894,5.167913090757342,4032,6.100954602086843
381,6.27354459804784,4.712384166634987,2.284479160677317,5452,-1.561160431412853
382,5.247102394847648,2.9473867135311256,2.959422897589588,6193,-2.2997156813165223
383,14.551394795850213,18.01873245064851,4.739274659100286,5401,3.467337654798298
384,4.108723463824253,2.4400256994250484,3.910606573721288,3994,-1.6686977643992047
385,6.922899037565297,5.419960450463287,6.550594705373166,4919,-1.50293858710201
386,6.795261719764213,1.7160741440552554,4.314586805511101,6373,-5.079187575708957
387,3.9458696195241654,4.368369503420238,2.524923098769846,5549,0.42249988389607296
388,5.423156592035342,1.939152751498152,3.6753053311957826,5844,-3.4840038405371905
389,5.78869727474935,2.2974206287405434,4.3247433522242655,5132,-3.491276646008807
390,4.038562285426237,2.6268712959080767,2.197024508558217,7369,-1.4116909895181604
391,5.586195175839592,3.32134454079636,2.9423122565464275,5203,-2.264850635043232
392,10.945218696704654,8.280852859501154,2.7639158942559394,4360,-2.6643658372034995
393,3.455894398475081,5.754498143364219,2.34088995000351,3304,2.298603744889138
394,8.28465549561041,2.855677242436794,4.267876492350107,3602,-5.428978253173616
395,3.1814984927868926,2.894144947261944,1.2869424973816261,4301,-0.28735354552494874
396,2.0400878799740023,2.064404680693461,2.1113337962348995,4726,0.02431680071945852
397,9.954785406109707,6.254688618467048,3.7933884910812634,5311,-3.700096787642659
398,2.6494399539396967,4.2485606242828675,3.0570382048273914,3972,1.5991206703431708
399,5.474636766069858,4.714403281740237,1.8579604741126368,3471,-0.7602334843296203
400,6.7832645717179245,7.243561607586761,2.145664006380242,5342,0.4602970358688365
401,6.588849998007289,4.724853419696754,3.066563206423777,4976,-1.8639965783105348
402,5.198972161163339,3.503626407494134,2.4065839629407435,5070,-1.695345753669205
403,6.482951585719762,3.3411375838964696,3.0866849235768408,3692,-3.1418140018232927
404,17.610943045752713,2.2198927074064865,13.424094881345212,5455,-15.391050338346226
405,8.006088997563273,5.6807663156889765,4.805927627172645,7195,-2.3253226818742965
406,4.671136377242839,4.325704876799526,4.015341665808897,4469,-0.34543150044331306
407,2.9926392074391033,6.220815274546903,3.515152999527423,2354,3.2281760671078
408,4.347707129949498,4.019777507550929,2.790620453523751,4728,-0.32792962239856926
409,3.726342937061036,1.846465131553321,1.8215338413498547,5955,-1.8798778055077152
410,1.5352063280515151,3.865996844630975,2.797336226475562,4812,2.3307905165794596
411,12.31152100994283,5.556359389705329,7.020925784286198,5371,-6.755161620237501
412,4.370158528725599,1.408075599536441,3.165647389996545,3531,-2.962082929189158
413,7.096874114545461,2.490268216481046,5.043803444699915,5675,-4.606605898064415
414,7.67727328891393,3.886042370774559,2.6040026971392973,4559,-3.791230918139371
415,4.152336165459631,3.0301316180624878,3.8555086564433716,10052,-1.1222045473971431
416,3.8859609899515237,1.5941325628997516,2.606866839680368,5025,-2.2918284270517724
417,3.220633491443831,2.6980986408042256,1.7892218598848424,6067,-0.5225348506396053
418,8.663295223646902,6.527779359376569,2.3809297614654974,6037,-2.1355158642703325
419,3.179666301746065,4.2891594382929545,1.837594843145918,5971,1.1094931365468894
420,1.495977848097967,1.4007685939394001,1.2805518473179236,4410,-0.09520925415856696
421,2.917394613258387,2.7000947340221986,1.3491260313600673,4976,-0.21729987923618843
422,2.4544955677335807,4.176453066032444,3.6369833100692577,5462,1.7219574982988632
423,3.9891212657074555,3.1633594450426177,3.6480429100383347,6147,-0.8257618206648378
424,6.892061349062415,4.185295154157182,2.6702538089914425,6592,-2.7067661949052333
425,2.6573465975826984,2.0141567776361575,1.4911833002646189,2945,-0.6431898199465409
426,1.6550053643227576,1.0325467071390528,1.1164908990504174,3117,-0.6224586571837047
427,11.27321838410274,8.765058202897274,2.348094705003029,4544,-2.508160181205467
428,8.878942380298108,6.232670416653027,3.4026516744937525,4638,-2.6462719636450807
429,2.905402408772858,1.8569952032621713,1.5898394862165557,5265,-1.0484072055106866
430,7.973755079837051,4.1175737833426895,3.078844004520572,4559,-3.856181296494362
431,36.86227054166717,6.949329609720895,29.51101301632919,4012,-29.912940931946277
432,11.199256164209539,2.5957088214220643,8.138692245046043,4170,-8.603547342787474
433,4.237840938548355,3.60815886291815,1.7438800480629588,4108,-0.6296820756302051
434,1.8560382577338603,2.9280122595088103,1.8539384520111812,2453,1.07197400177495
435,2.5044120637074014,2.20377442287051,1.1365971185302517,5563,-0.3006376408368916
436,1.8637954299116946,0.7326686270143836,1.0378217524388815,4082,-1.131126802897311
437,17.32847537254792,18.64413004556312,3.7639273141952985,6249,1.3156546730151994
438,4.791705144425009,10.36282917636954,8.677185905065377,5141,5.571124031944532
439,5.38222382033024,1.4727750985621686,3.0710053342781025,2821,-3.9094487217680713
440,4.29318834183439,1.380189526659117,3.0958369406733905,3701,-2.912998815175273
441,3.763971728223924,3.976314300075051,3.0740548776034693,4093,0.21234257185112693
442,3.684298581616764,0.8334823307470223,3.088667410610262,5015,-2.850816250869742
443,6.345476586747788,6.157661913998055,4.881455516854699,6404,-0.18781467274973274
444,4.633049862806115,2.6588204435620773,2.850652754502321,5429,-1.974229419244038
445,9.795523794129224,1.3683681234748903,7.206611723141267,4990,-8.427155670654333
446,5.210199779234996,3.0485384255688874,3.3112132029897907,4807,-2.1616613536661085
447,5.619816535955218,1.970948542286192,5.6062626924622245,5598,-3.6488679936690263
448,4.720135688623356,2.5528485101672866,2.5044744775504517,5686,-2.167287178456069
449,3.186205545356808,3.058627997999633,1.7668049839936248,7296,-0.12757754735717475
450,3.751258339900345,1.3184547475379071,2.201569773232146,4403,-2.432803592362438
451,35.019027350625024,28.324584895334695,6.514065654817984,6431,-6.6944424552903286
452,11.171334443578338,4.260955153916813,7.0228060743626655,3181,-6.910379289661526
453,7.86698992663101,1.727016813927915,5.827663827260635,5640,-6.139973112703095
455,1.616741049655806,3.322855651022937,1.5147677056311786,6829,1.7061146013671311
456,6.92640997036184,7.370550908821234,2.824667170766416,4803,0.44414093845939373
457,7.552126017224641,6.62593191010004,12.250317829662688,3954,-0.9261941071246005
458,1.9120776440279845,5.911878922732534,6.737046124386551,2791,3.999801278704549
459,5.190803839780035,5.399832656652542,0.94992301447208,4217,0.2090288168725074
460,6.1434672112575575,2.783175787881701,4.670582515122638,5272,-3.3602914233758563
461,2.9165487741128753,1.5940164512641843,2.0645717896238054,4667,-1.322532322848691
462,6.386002465761812,6.741232137114283,3.606251401519395,4247,0.35522967135247097
463,8.327900703898408,5.205161645327456,2.7697106739514568,3826,-3.122739058570952
464,6.133878670006974,1.835699374000369,3.4277033667422687,3261,-4.298179296006604
