n,k,kn,gain
60,1,0.016666666666666666,0.0
60,1,0.016666666666666666,0.0
60,1,0.016666666666666666,0.0
60,1,0.016666666666666666,0.0
60,1,0.016666666666666666,0.0
60,1,0.016666666666666666,0.0
60,1,0.016666666666666666,0.0
60,1,0.016666666666666666,0.0
60,1,0.016666666666666666,0.0
60,1,0.016666666666666666,0.0
60,1,0.016666666666666666,0.0
60,1,0.016666666666666666,0.0
60,1,0.016666666666666666,0.0
60,1,0.016666666666666666,0.0
60,1,0.016666666666666666,0.0
60,1,0.016666666666666666,0.0
60,1,0.016666666666666666,0.0
60,1,0.016666666666666666,0.0
60,1,0.016666666666666666,0.0
60,1,0.016666666666666666,0.0
60,1,0.016666666666666666,0.0
60,1,0.016666666666666666,0.0
60,1,0.016666666666666666,0.0
60,1,0.016666666666666666,0.0
60,1,0.016666666666666666,0.0
60,1,0.016666666666666666,0.0
60,1,0.016666666666666666,0.0
60,1,0.016666666666666666,0.0
60,1,0.016666666666666666,0.0
60,1,0.016666666666666666,0.0
60,1,0.016666666666666666,0.0
60,1,0.016666666666666666,0.0
60,1,0.016666666666666666,0.0
60,1,0.016666666666666666,0.0
60,1,0.016666666666666666,0.0
60,1,0.016666666666666666,0.0
60,1,0.016666666666666666,0.0
60,1,0.016666666666666666,0.0
60,1,0.016666666666666666,0.0
60,1,0.016666666666666666,0.0
60,2,0.03333333333333333,-0.05983391032278801
60,2,0.03333333333333333,0.00233789288306957
60,2,0.03333333333333333,0.011969931351595908
60,2,0.03333333333333333,0.00014883638250035025
60,2,0.03333333333333333,-0.005369661695289241
60,2,0.03333333333333333,-0.00262640569161815
60,2,0.03333333333333333,0.0007568930201495849
60,2,0.03333333333333333,0.022438331931405764
60,2,0.03333333333333333,0.012281625609332658
60,2,0.03333333333333333,0.011659965875653766
60,2,0.03333333333333333,-0.007123659769209534
60,2,0.03333333333333333,-0.02681672728949691
60,2,0.03333333333333333,-0.009877119848340832
60,2,0.03333333333333333,0.0306835199537292
60,2,0.03333333333333333,0.012617685930320754
60,2,0.03333333333333333,-0.0674275375889965
60,2,0.03333333333333333,-0.04669969670277552
60,2,0.03333333333333333,0.0017075670967700018
60,2,0.03333333333333333,0.008024327070664361
60,2,0.03333333333333333,-0.0031598208829048957
60,2,0.03333333333333333,0.006147086608359165
60,2,0.03333333333333333,0.006491695881906234
60,2,0.03333333333333333,-0.0021192001797875615
60,2,0.03333333333333333,-0.0038507478441435206
60,2,0.03333333333333333,0.004392479411904349
60,2,0.03333333333333333,-0.010330820823521658
60,2,0.03333333333333333,-0.006187111334272077
60,2,0.03333333333333333,-0.0009960894106590956
60,2,0.03333333333333333,-0.00463439374273783
60,2,0.03333333333333333,-0.0027682491531960673
60,2,0.03333333333333333,0.017533852493407387
60,2,0.03333333333333333,0.000464751229683813
60,2,0.03333333333333333,0.02340287601509561
60,2,0.03333333333333333,-0.06978125786227646
60,2,0.03333333333333333,-0.0006278190873184042
60,2,0.03333333333333333,0.0028877401569470385
60,2,0.03333333333333333,0.012358992891275955
60,2,0.03333333333333333,0.012157242813139624
60,2,0.03333333333333333,-0.008119499413936804
60,2,0.03333333333333333,0.0018423556528417984
60,3,0.05,-0.014873884137955262
60,3,0.05,-0.06408537471350251
60,3,0.05,-0.006045011987897697
60,3,0.05,-0.0426670856778088
60,3,0.05,0.016150749647627638
60,3,0.05,-0.011387802924705093
60,3,0.05,-0.0013390887874942248
60,3,0.05,0.021071671718555396
60,3,0.05,0.016104098440923975
60,3,0.05,-0.08378521980478981
60,3,0.05,-0.0011087009734381814
60,3,0.05,0.004324398670537077
60,3,0.05,0.003871199763888278
60,3,0.05,-0.004549383119873407
60,3,0.05,-0.014981858272433757
60,3,0.05,0.03237253882104335
60,3,0.05,0.014954095958851887
60,3,0.05,-0.01232415195531733
60,3,0.05,0.0015216281737037152
60,3,0.05,-0.013781922916338396
60,3,0.05,0.0056174506006844704
60,3,0.05,-0.013742686429854933
60,3,0.05,-0.02509897472552397
60,3,0.05,0.017811086294627854
60,3,0.05,0.0037782598108315746
60,3,0.05,-0.03016787424740569
60,3,0.05,-0.002950988290889245
60,3,0.05,-0.017638051219512285
60,3,0.05,0.010757585156689176
60,3,0.05,-0.011049882435450631
60,3,0.05,-0.07132647443350076
60,3,0.05,0.009308027614699399
60,3,0.05,0.00975327445698565
60,3,0.05,-0.02181969057725297
60,3,0.05,0.008345085145089692
60,3,0.05,-0.003351067327269419
60,3,0.05,-0.006261507653852139
60,3,0.05,-0.03720060141358772
60,3,0.05,-0.011059004933709593
60,3,0.05,0.029831881219996137
60,4,0.06666666666666667,-0.00048651199528049194
60,4,0.06666666666666667,-0.021134899407049268
60,4,0.06666666666666667,-0.028805634313053885
60,4,0.06666666666666667,0.015508880915032108
60,4,0.06666666666666667,-0.025206380179610743
60,4,0.06666666666666667,-0.01025690569208948
60,4,0.06666666666666667,0.008407350569452132
60,4,0.06666666666666667,0.028619769470618894
60,4,0.06666666666666667,0.010696168195987954
60,4,0.06666666666666667,-0.003686180714140397
60,4,0.06666666666666667,0.015151809470657362
60,4,0.06666666666666667,0.01783405156039447
60,4,0.06666666666666667,0.00121438200584284
60,4,0.06666666666666667,0.003379178282951756
60,4,0.06666666666666667,-0.003376912101081875
60,4,0.06666666666666667,-0.001632757573870769
60,4,0.06666666666666667,0.03419006697587701
60,4,0.06666666666666667,0.007034998924434044
60,4,0.06666666666666667,-0.04524323587059054
60,4,0.06666666666666667,-0.04435677165806895
60,4,0.06666666666666667,0.026892251959922175
60,4,0.06666666666666667,-0.03979407787387912
60,4,0.06666666666666667,0.018074140281806705
60,4,0.06666666666666667,-0.020877907218180614
60,4,0.06666666666666667,0.010583587995269983
60,4,0.06666666666666667,0.010897566880485321
60,4,0.06666666666666667,0.008971919365842407
60,4,0.06666666666666667,0.03238872601029641
60,4,0.06666666666666667,0.025682945853584827
60,4,0.06666666666666667,0.0305726185123405
60,4,0.06666666666666667,-0.0013931702486088549
60,4,0.06666666666666667,0.024731012757261583
60,4,0.06666666666666667,0.025779836429917158
60,4,0.06666666666666667,0.004072635674345071
60,4,0.06666666666666667,-0.0183174410766479
60,4,0.06666666666666667,0.0366302297305483
60,4,0.06666666666666667,0.020861431934097452
60,4,0.06666666666666667,0.03974160087465439
60,4,0.06666666666666667,0.04856014822832
60,4,0.06666666666666667,0.02238137576446475
60,6,0.1,0.02396930348392723
60,6,0.1,0.016942728567803322
60,6,0.1,-0.006919224388580059
60,6,0.1,-0.024891195379422304
60,6,0.1,-0.01505260669647085
60,6,0.1,0.02751676658805091
60,6,0.1,0.043470630209888006
60,6,0.1,-0.010509830866689163
60,6,0.1,0.0234239928152582
60,6,0.1,-0.008254797702282102
60,6,0.1,-0.009944557331188264
60,6,0.1,0.022149442964625732
60,6,0.1,-0.0267574164047929
60,6,0.1,-0.03763417082960607
60,6,0.1,0.010724100441092399
60,6,0.1,0.0037639354899109967
60,6,0.1,-0.02185053380088281
60,6,0.1,0.014564037452559575
60,6,0.1,0.03677549351607701
60,6,0.1,0.03198552334494131
60,6,0.1,0.010124457497939998
60,6,0.1,-0.027583006257444143
60,6,0.1,0.03040760618949717
60,6,0.1,0.05033552957831311
60,6,0.1,-0.007216675177093623
60,6,0.1,0.008292872472200286
60,6,0.1,-0.04354625504540699
60,6,0.1,0.01486053523614983
60,6,0.1,0.02115273326452599
60,6,0.1,-0.012031991252202279
60,6,0.1,0.02965200142757335
60,6,0.1,0.019419020912516682
60,6,0.1,0.011206017621934794
60,6,0.1,0.03586146494750653
60,6,0.1,0.0013838538271309098
60,6,0.1,-0.009931069235572021
60,6,0.1,-0.015040444558929056
60,6,0.1,0.009170600158837083
60,6,0.1,0.03977930103937555
60,6,0.1,0.006187797299188058
60,8,0.13333333333333333,0.013124410060133263
60,8,0.13333333333333333,-0.01749834568175679
60,8,0.13333333333333333,0.002290655647770312
60,8,0.13333333333333333,0.026744545501084183
60,8,0.13333333333333333,0.028016969256212
60,8,0.13333333333333333,0.011126664655104757
60,8,0.13333333333333333,-0.0033057753289140734
60,8,0.13333333333333333,-0.007203219040870956
60,8,0.13333333333333333,-0.007629369304980982
60,8,0.13333333333333333,-0.043997408240453784
60,8,0.13333333333333333,0.00374849281131584
60,8,0.13333333333333333,-0.02111567792387198
60,8,0.13333333333333333,0.05227660428291947
60,8,0.13333333333333333,0.006586203150553249
60,8,0.13333333333333333,0.001548951924996711
60,8,0.13333333333333333,-0.017778283302635478
60,8,0.13333333333333333,0.029036455351784007
60,8,0.13333333333333333,0.022595099698667964
60,8,0.13333333333333333,-0.003789655839658068
60,8,0.13333333333333333,-0.006099601086717865
60,8,0.13333333333333333,0.030890783059311033
60,8,0.13333333333333333,-0.0069076368338658045
60,8,0.13333333333333333,0.01382254001139549
60,8,0.13333333333333333,0.06117278072621912
60,8,0.13333333333333333,-0.0018344024307612727
60,8,0.13333333333333333,0.036999765375762494
60,8,0.13333333333333333,0.04116491034324854
60,8,0.13333333333333333,0.019531511763550502
60,8,0.13333333333333333,-0.02339831135800413
60,8,0.13333333333333333,0.027073071954637706
60,8,0.13333333333333333,0.025033153141542197
60,8,0.13333333333333333,0.01882834097790581
60,8,0.13333333333333333,-0.021351908438015155
60,8,0.13333333333333333,0.041786537778185584
60,8,0.13333333333333333,0.01592864690937107
60,8,0.13333333333333333,0.03955860075141937
60,8,0.13333333333333333,-0.003536723750948878
60,8,0.13333333333333333,0.059765216053157155
60,8,0.13333333333333333,0.0020751152444257737
60,8,0.13333333333333333,-0.018361393149630145
60,12,0.2,0.00487005792214934
60,12,0.2,0.024496909502612185
60,12,0.2,0.02134230958786343
60,12,0.2,0.0591031213215607
60,12,0.2,0.03291509722304076
60,12,0.2,0.015801170954856725
60,12,0.2,0.03548764918582725
60,12,0.2,0.029903803076139546
60,12,0.2,0.018187869854387084
60,12,0.2,0.03421727782855999
60,12,0.2,0.04486165891425675
60,12,0.2,-0.00402483356990202
60,12,0.2,-0.003321276597217482
60,12,0.2,0.01776408136551144
60,12,0.2,0.005305450079160723
60,12,0.2,0.05523387767355925
60,12,0.2,0.07880392441928108
60,12,0.2,0.026622747897587007
60,12,0.2,0.047809263275097436
60,12,0.2,-0.02794021702838384
60,12,0.2,0.02329180001964437
60,12,0.2,0.05133914718222582
60,12,0.2,0.010144618008866457
60,12,0.2,-0.014667512010839268
60,12,0.2,-0.0037197759819879717
60,12,0.2,0.015647295067343192
60,12,0.2,0.03345522193439093
60,12,0.2,0.038433357764155074
60,12,0.2,-0.017814033814996744
60,12,0.2,-0.03378017279906559
60,12,0.2,0.007644701573509105
60,12,0.2,0.0052941728769324015
60,12,0.2,-0.001560469452763169
60,12,0.2,0.043201694420062775
60,12,0.2,0.03803343672181764
60,12,0.2,-0.024988042208701322
60,12,0.2,0.041053860141458065
60,12,0.2,-0.00788835787184139
60,12,0.2,0.005172967025877384
60,12,0.2,0.056728194454729874
125,1,0.008,0.0
125,1,0.008,0.0
125,1,0.008,0.0
125,1,0.008,0.0
125,1,0.008,0.0
125,1,0.008,0.0
125,1,0.008,0.0
125,1,0.008,0.0
125,1,0.008,0.0
125,1,0.008,0.0
125,1,0.008,0.0
125,1,0.008,0.0
125,1,0.008,0.0
125,1,0.008,0.0
125,1,0.008,0.0
125,1,0.008,0.0
125,1,0.008,0.0
125,1,0.008,0.0
125,1,0.008,0.0
125,1,0.008,0.0
125,1,0.008,0.0
125,1,0.008,0.0
125,1,0.008,0.0
125,1,0.008,0.0
125,1,0.008,0.0
125,1,0.008,0.0
125,1,0.008,0.0
125,1,0.008,0.0
125,1,0.008,0.0
125,1,0.008,0.0
125,1,0.008,0.0
125,1,0.008,0.0
125,1,0.008,0.0
125,1,0.008,0.0
125,1,0.008,0.0
125,1,0.008,0.0
125,1,0.008,0.0
125,1,0.008,0.0
125,1,0.008,0.0
125,1,0.008,0.0
125,2,0.016,-0.08302919799420477
125,2,0.016,0.0016513832332475387
125,2,0.016,0.0004607801231019115
125,2,0.016,-0.0006482825988561314
125,2,0.016,-0.027310434305370945
125,2,0.016,-0.00032607717606414344
125,2,0.016,-0.00171158691564538
125,2,0.016,0.00787436507981698
125,2,0.016,0.00021935097150121985
125,2,0.016,-0.006335080308206176
125,2,0.016,-0.001710456868099397
125,2,0.016,0.0025136256069283047
125,2,0.016,-0.027374880518944378
125,2,0.016,-0.010880455094110175
125,2,0.016,0.0016335301350709486
125,2,0.016,-0.048106784838201244
125,2,0.016,-0.004313791447770665
125,2,0.016,-0.01609782305431079
125,2,0.016,-0.004639602451608327
125,2,0.016,-0.008665149236177283
125,2,0.016,-0.002843674559410425
125,2,0.016,-0.012993211257090576
125,2,0.016,-0.0020181639466192447
125,2,0.016,-0.013638982587099446
125,2,0.016,-0.023300173605613594
125,2,0.016,-0.004045086925742791
125,2,0.016,-0.0021240254302212214
125,2,0.016,-0.008767115597014541
125,2,0.016,-0.005059546249181923
125,2,0.016,-0.0030434769055058264
125,2,0.016,-0.04653830753377425
125,2,0.016,-0.031020061884600658
125,2,0.016,0.0015886142987240892
125,2,0.016,-0.042134416393021956
125,2,0.016,0.006850917545748514
125,2,0.016,0.0023290004684772825
125,2,0.016,-0.053716666039966
125,2,0.016,-0.03143659306026869
125,2,0.016,0.002948138866264327
125,2,0.016,-0.0068141282676022485
125,3,0.024,0.003734262852778003
125,3,0.024,-0.0011306970902247304
125,3,0.024,-0.0035711395445666705
125,3,0.024,-0.014782398902601412
125,3,0.024,0.0063248934319705685
125,3,0.024,-0.014944695417520193
125,3,0.024,-0.009886577975967092
125,3,0.024,-0.019081827519005723
125,3,0.024,-0.006030827221767288
125,3,0.024,0.0040541435483991695
125,3,0.024,-0.011968932458643888
125,3,0.024,-0.011659424306680766
125,3,0.024,-0.0028050518656781986
125,3,0.024,0.005850063521814941
125,3,0.024,-0.011181108198784817
125,3,0.024,0.0017647566887208366
125,3,0.024,-0.008982010291380182
125,3,0.024,-0.014723849892394392
125,3,0.024,-0.0076852429605108186
125,3,0.024,0.0012008214327945965
125,3,0.024,-0.0011461050929479355
125,3,0.024,-0.032115333269451596
125,3,0.024,0.008356572940508067
125,3,0.024,-0.001257110701219033
125,3,0.024,-0.002884073659444264
125,3,0.024,0.010373693794397953
125,3,0.024,-0.0025193769231263152
125,3,0.024,-0.009316505047988644
125,3,0.024,0.0030132800663570936
125,3,0.024,-0.0034054462412846376
125,3,0.024,-0.027326453624653135
125,3,0.024,0.007911684946749542
125,3,0.024,0.00027021835825374874
125,3,0.024,-0.02690802966244532
125,3,0.024,-0.019496372587494315
125,3,0.024,-0.009043749472723406
125,3,0.024,-0.004044556615529771
125,3,0.024,-0.00891899582715694
125,3,0.024,0.0042751413422724704
125,3,0.024,-0.010318577823275887
125,4,0.032,0.0037627323952603153
125,4,0.032,-0.012717707406677492
125,4,0.032,0.003675170303791442
125,4,0.032,0.006918596183568104
125,4,0.032,-0.016347333749502757
125,4,0.032,-0.019460834298553886
125,4,0.032,-0.001112037317631931
125,4,0.032,-0.004338785981162663
125,4,0.032,-0.00032008983668302404
125,4,0.032,-0.016443681280883138
125,4,0.032,0.004311745352486462
125,4,0.032,0.007238052320012567
125,4,0.032,0.0030356567658662015
125,4,0.032,1.5426947289565174e-05
125,4,0.032,-0.003146247626453158
125,4,0.032,-0.004450576895153546
125,4,0.032,-0.0003365907006611102
125,4,0.032,-0.0031572299664526238
125,4,0.032,-0.014822551975422371
125,4,0.032,0.007324325177232027
125,4,0.032,0.012934290213035049
125,4,0.032,-0.03703092440767153
125,4,0.032,-0.00946540646732874
125,4,0.032,0.018636515550125854
125,4,0.032,-0.013739581452296479
125,4,0.032,-0.006728231439619259
125,4,0.032,-0.0013056209813763764
125,4,0.032,-0.02651665933169478
125,4,0.032,-0.022236865512208492
125,4,0.032,-0.014308551233001565
125,4,0.032,0.0004277480146390733
125,4,0.032,0.009587749961805614
125,4,0.032,0.00941145181871511
125,4,0.032,-0.0027754819437619815
125,4,0.032,0.01213179434438505
125,4,0.032,-0.002938936943326753
125,4,0.032,-0.021112116420206162
125,4,0.032,0.0031242904201615462
125,4,0.032,-0.020643937617354946
125,4,0.032,-0.03106521596966416
125,6,0.048,0.0029032492489678985
125,6,0.048,-0.007927762199721466
125,6,0.048,0.003886951048667542
125,6,0.048,-0.011809478411596241
125,6,0.048,0.00998825398659281
125,6,0.048,-0.022391844333417454
125,6,0.048,-0.02364776356887538
125,6,0.048,0.0011604077017973724
125,6,0.048,-0.003423944601628537
125,6,0.048,-0.0004239693838162806
125,6,0.048,-0.008122271457685404
125,6,0.048,0.011620535086204142
125,6,0.048,0.010568879645852125
125,6,0.048,0.004364475347570895
125,6,0.048,0.006340155698532357
125,6,0.048,-0.01812278405305945
125,6,0.048,0.00041608592986236426
125,6,0.048,-0.009144672155316724
125,6,0.048,-0.0012915614832733624
125,6,0.048,-0.025853304782681497
125,6,0.048,0.012789637123151287
125,6,0.048,-0.005303567190951763
125,6,0.048,-0.023622687940104525
125,6,0.048,0.011026613236668703
125,6,0.048,-0.030388897270718584
125,6,0.048,0.0138432468951592
125,6,0.048,-0.028457920418225147
125,6,0.048,-0.017759895067378906
125,6,0.048,0.0010917577197663841
125,6,0.048,0.007591251922001607
125,6,0.048,-0.00885204293901265
125,6,0.048,-0.0029666028263926614
125,6,0.048,-0.016113023384087266
125,6,0.048,0.007862154434884971
125,6,0.048,-0.004058032141028345
125,6,0.048,-0.0035912245651268937
125,6,0.048,0.009390663713443714
125,6,0.048,-0.01358873610314465
125,6,0.048,0.003525366884434833
125,6,0.048,-0.029520322353802975
125,8,0.064,0.005080739373290177
125,8,0.064,0.019286773593044593
125,8,0.064,0.00407899997826755
125,8,0.064,-0.0008292848083781279
125,8,0.064,0.01559056522097202
125,8,0.064,0.008869699644166895
125,8,0.064,-0.0021285979166667524
125,8,0.064,0.0026931914225378772
125,8,0.064,-0.030805632805529115
125,8,0.064,0.011423729268735083
125,8,0.064,0.018692878003343072
125,8,0.064,-0.03547710005379767
125,8,0.064,-0.006375768544663041
125,8,0.064,0.003063495458175025
125,8,0.064,0.0052959046008062005
125,8,0.064,0.010044995452951233
125,8,0.064,0.005567962971544604
125,8,0.064,-0.0071620527570423476
125,8,0.064,-0.011126026547136347
125,8,0.064,-0.01022917239167398
125,8,0.064,0.0040129636920530065
125,8,0.064,0.003400735286656298
125,8,0.064,-0.00044683890526941994
125,8,0.064,-0.00012928296718867083
125,8,0.064,0.006939524772089478
125,8,0.064,0.007098706812374844
125,8,0.064,-0.003105762737122486
125,8,0.064,-0.01781109789871438
125,8,0.064,0.013507179417234838
125,8,0.064,0.03661230828620532
125,8,0.064,0.0005647428725347181
125,8,0.064,0.0010621198734862003
125,8,0.064,0.010156231830154128
125,8,0.064,0.016565390606240293
125,8,0.064,-0.017153653622491605
125,8,0.064,-0.002228010641082856
125,8,0.064,0.016224169388302567
125,8,0.064,-0.005346594594289378
125,8,0.064,0.0018760217562581172
125,8,0.064,0.0010155973731080237
125,12,0.096,0.008783544247454755
125,12,0.096,0.002900059283679146
125,12,0.096,-0.006035384277682743
125,12,0.096,0.013361121106129803
125,12,0.096,0.004278288562460653
125,12,0.096,-0.0010086109299868862
125,12,0.096,0.012812872137744624
125,12,0.096,0.017250296322174175
125,12,0.096,0.007114668024169268
125,12,0.096,-0.005228384684905885
125,12,0.096,-0.030861216291075355
125,12,0.096,0.0050497508342255415
125,12,0.096,0.020808212539395077
125,12,0.096,0.03428521382546962
125,12,0.096,0.006820062022192264
125,12,0.096,0.005446845830991587
125,12,0.096,0.020685784036745147
125,12,0.096,0.011625849788005627
125,12,0.096,0.013356901620140416
125,12,0.096,0.02127865214360808
125,12,0.096,0.00698769581105263
125,12,0.096,-0.0005662353866891512
125,12,0.096,-0.005980921067733458
125,12,0.096,0.0307897379760525
125,12,0.096,0.006952185424442148
125,12,0.096,0.004232638541489808
125,12,0.096,0.01200538745382923
125,12,0.096,0.005191911861906817
125,12,0.096,0.021300816947553647
125,12,0.096,-0.02360839252168273
125,12,0.096,0.0051369815322415135
125,12,0.096,0.007550371369376141
125,12,0.096,0.026925440651963062
125,12,0.096,-0.011460993259204244
125,12,0.096,0.013064286218097854
125,12,0.096,0.019438196756518256
125,12,0.096,-0.002679794828717108
125,12,0.096,0.037016605904742705
125,12,0.096,-0.0011826658102200294
125,12,0.096,0.007399255225703172
125,16,0.128,0.009480446837544232
125,16,0.128,0.020122489373485153
125,16,0.128,0.008645483843488844
125,16,0.128,0.001310075961293622
125,16,0.128,0.0037900144263797175
125,16,0.128,-0.0020276047556687105
125,16,0.128,0.03007804320596369
125,16,0.128,-0.011434091130468282
125,16,0.128,0.021449992110997906
125,16,0.128,0.02319602344104371
125,16,0.128,-0.0053548544723205915
125,16,0.128,0.030630369666596158
125,16,0.128,-0.019986884983193842
125,16,0.128,0.0034835288672598885
125,16,0.128,0.014669151595344265
125,16,0.128,0.0125855175132501
125,16,0.128,0.022132672531821107
125,16,0.128,-0.00866098138938226
125,16,0.128,0.037029666076172085
125,16,0.128,0.014645837353445379
125,16,0.128,-0.004156947542847622
125,16,0.128,0.013836149897461236
125,16,0.128,0.004404925428646955
125,16,0.128,0.006970367028889035
125,16,0.128,0.0007638168660564215
125,16,0.128,0.006419865519922963
125,16,0.128,-0.005878780622394331
125,16,0.128,0.007164709839261985
125,16,0.128,0.016060063978156125
125,16,0.128,0.0035823442951073425
125,16,0.128,0.0012595379108188975
125,16,0.128,0.025660345790589456
125,16,0.128,0.009573499971637534
125,16,0.128,0.029939678583555895
125,16,0.128,0.0035600014227220034
125,16,0.128,0.03670381277343748
125,16,0.128,-0.0019626089609734443
125,16,0.128,0.02164800338561651
125,16,0.128,0.0176505683886915
125,16,0.128,0.006988627502804656
125,24,0.192,0.025697000579396
125,24,0.192,-0.012187415909803545
125,24,0.192,0.019849791033722253
125,24,0.192,0.03023549124604058
125,24,0.192,-0.0037666107299866858
125,24,0.192,0.020107878879236873
125,24,0.192,0.019539050635703048
125,24,0.192,-0.006680286894290288
125,24,0.192,0.0005431891682510237
125,24,0.192,0.003570672223106919
125,24,0.192,0.016508223347281525
125,24,0.192,0.02905697477750152
125,24,0.192,0.028731722657260872
125,24,0.192,0.014892874406963297
125,24,0.192,0.00872526759198261
125,24,0.192,0.009714177530982304
125,24,0.192,0.019922486245914195
125,24,0.192,0.011389550047723795
125,24,0.192,0.008835527771773766
125,24,0.192,0.019508482274901984
125,24,0.192,0.02028901676784789
125,24,0.192,0.03602643276457129
125,24,0.192,0.020642839075390995
125,24,0.192,0.01906970089468113
125,24,0.192,0.009703588214862724
125,24,0.192,0.019214395494417724
125,24,0.192,0.018782333733349477
125,24,0.192,0.02099765804931719
125,24,0.192,0.020016100877703835
125,24,0.192,0.02353650137631197
125,24,0.192,0.015596277144000359
125,24,0.192,0.0058876293200481045
125,24,0.192,0.015561236172520143
125,24,0.192,0.025248049487088087
125,24,0.192,0.006539336637007731
125,24,0.192,-0.004375511956048295
125,24,0.192,0.009143098182492149
125,24,0.192,0.03326948700606247
125,24,0.192,0.025569977435578206
125,24,0.192,0.03161083354277233
250,1,0.004,0.0
250,1,0.004,0.0
250,1,0.004,0.0
250,1,0.004,0.0
250,1,0.004,0.0
250,1,0.004,0.0
250,1,0.004,0.0
250,1,0.004,0.0
250,1,0.004,0.0
250,1,0.004,0.0
250,1,0.004,0.0
250,1,0.004,0.0
250,1,0.004,0.0
250,1,0.004,0.0
250,1,0.004,0.0
250,1,0.004,0.0
250,1,0.004,0.0
250,1,0.004,0.0
250,1,0.004,0.0
250,1,0.004,0.0
250,1,0.004,0.0
250,1,0.004,0.0
250,1,0.004,0.0
250,1,0.004,0.0
250,1,0.004,0.0
250,1,0.004,0.0
250,1,0.004,0.0
250,1,0.004,0.0
250,1,0.004,0.0
250,1,0.004,0.0
250,1,0.004,0.0
250,1,0.004,0.0
250,1,0.004,0.0
250,1,0.004,0.0
250,1,0.004,0.0
250,1,0.004,0.0
250,1,0.004,0.0
250,1,0.004,0.0
250,1,0.004,0.0
250,1,0.004,0.0
250,2,0.008,-0.023405481102896086
250,2,0.008,0.0027850800519906294
250,2,0.008,-0.005964891492408753
250,2,0.008,-0.02983576268995075
250,2,0.008,-0.006186421951583365
250,2,0.008,0.0006008571008692676
250,2,0.008,0.0031750158476612778
250,2,0.008,0.0030590978674465696
250,2,0.008,-0.008532120229856499
250,2,0.008,-0.0037417428379481477
250,2,0.008,-0.037848586128268025
250,2,0.008,0.002112663986486407
250,2,0.008,0.006257306164363929
250,2,0.008,-0.011990863548994313
250,2,0.008,-0.004977004325951273
250,2,0.008,-0.007228243027946557
250,2,0.008,0.0026696144503457475
250,2,0.008,0.001633142079022376
250,2,0.008,0.0010589865887390415
250,2,0.008,-0.019539527471321205
250,2,0.008,-0.00037244690794707713
250,2,0.008,-0.019752604332645862
250,2,0.008,0.0017080337605124285
250,2,0.008,-0.0051061425179455
250,2,0.008,-0.04028221670473975
250,2,0.008,0.002364781816630912
250,2,0.008,-0.019673875589995282
250,2,0.008,0.004702680326838959
250,2,0.008,-0.0038741882597397304
250,2,0.008,-0.00035989636109712286
250,2,0.008,-0.00020447753983460215
250,2,0.008,0.0013522775630948614
250,2,0.008,-0.0017939561135157933
250,2,0.008,-0.011976572001981378
250,2,0.008,0.0005940323904753408
250,2,0.008,-0.0010771113543782684
250,2,0.008,0.0006580221388075014
250,2,0.008,-0.0024427274817125366
250,2,0.008,0.000789902788775998
250,2,0.008,-0.013984588443954227
250,3,0.012,-0.02208425999373792
250,3,0.012,-0.00383738270477324
250,3,0.012,-0.006070336923100994
250,3,0.012,-0.02551791244990076
250,3,0.012,-0.006948530934117292
250,3,0.012,-0.018153429063408222
250,3,0.012,-0.02655247786141607
250,3,0.012,-0.025946066950304325
250,3,0.012,-0.0018709862889171869
250,3,0.012,-0.0029678686265074417
250,3,0.012,-0.006352717065299718
250,3,0.012,-0.006517261371749794
250,3,0.012,-0.0034165102278401194
250,3,0.012,-0.0272121906305825
250,3,0.012,-0.010351331972785371
250,3,0.012,-0.018363202053071515
250,3,0.012,-0.025518484157713406
250,3,0.012,0.0009578789567168955
250,3,0.012,-0.015600122880639
250,3,0.012,-0.03187223865643657
250,3,0.012,-0.0030540691428974642
250,3,0.012,-0.008012955799950927
250,3,0.012,-0.019863867706377214
250,3,0.012,-0.003531035007440675
250,3,0.012,-0.010223999208920809
250,3,0.012,-0.03071548460289769
250,3,0.012,-0.03164219163291904
250,3,0.012,-0.001591974439468069
250,3,0.012,-0.0037626449492828007
250,3,0.012,-0.01293278445052276
250,3,0.012,-0.016542953605731547
250,3,0.012,-4.989511666686486e-05
250,3,0.012,-0.0019116358047014392
250,3,0.012,-0.025178345245741862
250,3,0.012,-0.0048553922022453455
250,3,0.012,0.00028326856041532844
250,3,0.012,-0.0008844119508834014
250,3,0.012,-0.007389316079176367
250,3,0.012,-0.02372667549237495
250,3,0.012,0.003680048620821219
250,4,0.016,-0.00943346918753668
250,4,0.016,-0.002841428198709417
250,4,0.016,0.0015776502160333439
250,4,0.016,-0.0028186843310459286
250,4,0.016,-0.020893497273636985
250,4,0.016,-0.0009562585898289511
250,4,0.016,-0.009803495349276548
250,4,0.016,-0.012272885154084034
250,4,0.016,0.005330768520644791
250,4,0.016,-0.016256440499241853
250,4,0.016,-0.033387353156325406
250,4,0.016,0.002506677560449977
250,4,0.016,-0.007832927035879456
250,4,0.016,-0.012614997611280654
250,4,0.016,-0.005607398766811267
250,4,0.016,-0.004148086779141524
250,4,0.016,-0.0037403398316913083
250,4,0.016,0.003888534361254359
250,4,0.016,-0.0055566434205800985
250,4,0.016,-0.0031471642399547584
250,4,0.016,-0.00045414443875985144
250,4,0.016,-0.009069953726298319
250,4,0.016,-0.004896515191844419
250,4,0.016,-0.007154108399965053
250,4,0.016,-0.012018748927236589
250,4,0.016,-0.025553353068128504
250,4,0.016,-0.0019908379161744927
250,4,0.016,-0.01251353921392262
250,4,0.016,0.002202382177487361
250,4,0.016,-0.008496274810561533
250,4,0.016,-0.015200914173409463
250,4,0.016,-0.012744197105532373
250,4,0.016,-0.0038172787317556356
250,4,0.016,-0.003419682167869975
250,4,0.016,0.005550775177813494
250,4,0.016,-0.006842605985707684
250,4,0.016,-0.012097703305406493
250,4,0.016,-0.015410936688937948
250,4,0.016,-0.011827161055347868
250,4,0.016,-0.010287742023730562
250,6,0.024,-0.007042811610113775
250,6,0.024,-0.03869773366053364
250,6,0.024,-0.007875346697818253
250,6,0.024,-0.002309180337409067
250,6,0.024,0.002547564906829336
250,6,0.024,-0.004242883164410682
250,6,0.024,-0.0027132126132863865
250,6,0.024,0.010030618983625339
250,6,0.024,-0.020824429414815382
250,6,0.024,0.0014204695162876035
250,6,0.024,0.0010004605440284142
250,6,0.024,-0.008356736373179074
250,6,0.024,-0.003026104118330153
250,6,0.024,0.009421313390955421
250,6,0.024,0.003844681127972094
250,6,0.024,-0.0025317744804995157
250,6,0.024,-0.002381515697384373
250,6,0.024,-0.0120098752490021
250,6,0.024,-0.006735487393997819
250,6,0.024,-0.00701026250147585
250,6,0.024,0.0061046029136525015
250,6,0.024,-0.008159320029424655
250,6,0.024,-0.003495883950913714
250,6,0.024,-0.02204977866903418
250,6,0.024,-0.0007305826639206758
250,6,0.024,-0.013013949350883514
250,6,0.024,-0.0235463026322405
250,6,0.024,0.002308201967654633
250,6,0.024,-0.0075220250372195485
250,6,0.024,-0.003992199227152993
250,6,0.024,-0.010475776400644676
250,6,0.024,-0.008679989875550076
250,6,0.024,-0.007880666647728407
250,6,0.024,-0.0047173139180441415
250,6,0.024,-0.0005444796932891904
250,6,0.024,-0.012039633477752443
250,6,0.024,-0.01253571359559097
250,6,0.024,-0.025110818903831933
250,6,0.024,-0.015131482475894742
250,6,0.024,-0.0020089997077941124
250,8,0.032,0.0027507493754861945
250,8,0.032,-0.02174231926385417
250,8,0.032,-0.013699739597731464
250,8,0.032,0.0004587087372095455
250,8,0.032,0.005555360952089139
250,8,0.032,0.004046107963670831
250,8,0.032,0.004107511983400147
250,8,0.032,-0.015570537977293075
250,8,0.032,0.0034661582740478925
250,8,0.032,-0.0024124296547601842
250,8,0.032,-0.011211848230026966
250,8,0.032,0.0035876553834131575
250,8,0.032,-0.002536791573417685
250,8,0.032,-0.01579835710259414
250,8,0.032,-0.008009289106053308
250,8,0.032,-0.009987573538439765
250,8,0.032,-0.0027823591121536317
250,8,0.032,-0.005253740448399102
250,8,0.032,-0.007923724417081834
250,8,0.032,0.007242444149878902
250,8,0.032,0.004358138153389202
250,8,0.032,-0.0035099008502731954
250,8,0.032,-0.026817755906795637
250,8,0.032,0.0014501041040467788
250,8,0.032,-0.012966908014297285
250,8,0.032,0.008419707173035473
250,8,0.032,0.003370915993579582
250,8,0.032,-0.0044834475238539895
250,8,0.032,0.0005271151602000423
250,8,0.032,-0.00969203954756559
250,8,0.032,-0.002164984533822578
250,8,0.032,0.005207694915083438
250,8,0.032,0.0022473029450316706
250,8,0.032,-0.016900152349858644
250,8,0.032,-0.00060024359687888
250,8,0.032,-0.007379829679658112
250,8,0.032,0.010797601528262923
250,8,0.032,0.0014233384897989199
250,8,0.032,-0.0018828850352548554
250,8,0.032,-0.009139037842788966
250,12,0.048,0.012641806047416215
250,12,0.048,-0.0020935735494925223
250,12,0.048,-0.009319176313258681
250,12,0.048,-0.0013793892730548651
250,12,0.048,0.004598196850382041
250,12,0.048,-0.01014592164392819
250,12,0.048,0.009416406033960989
250,12,0.048,-0.0034478357044971375
250,12,0.048,0.01581409299326647
250,12,0.048,-0.0019906736922674084
250,12,0.048,-0.006351069984602442
250,12,0.048,0.008576928729092603
250,12,0.048,-0.016900099097929056
250,12,0.048,-0.002967934009007911
250,12,0.048,-0.010539457832328292
250,12,0.048,-0.006464071190124265
250,12,0.048,-0.00824557574167012
250,12,0.048,-0.010389894300980362
250,12,0.048,-0.00032626780447903014
250,12,0.048,-0.01427474075036883
250,12,0.048,-0.004600333175474813
250,12,0.048,0.004197359770374387
250,12,0.048,-0.006311085547639539
250,12,0.048,-0.010498036242223285
250,12,0.048,-0.01113332656877003
250,12,0.048,0.0039656948502651
250,12,0.048,0.01115540843968138
250,12,0.048,-0.0050596419644454715
250,12,0.048,0.013740180925885637
250,12,0.048,-0.00885669711020326
250,12,0.048,-0.00430459231027458
250,12,0.048,0.00578911927307485
250,12,0.048,-0.004829357184697014
250,12,0.048,-0.003637282700449773
250,12,0.048,0.008535236212265818
250,12,0.048,0.016911500145282143
250,12,0.048,0.0008205345084422166
250,12,0.048,0.006439455691409468
250,12,0.048,0.00182857372904216
250,12,0.048,-0.004694651977338038
250,16,0.064,0.018359885090716566
250,16,0.064,-0.00420378390059617
250,16,0.064,0.020322845894785335
250,16,0.064,0.02644057269113642
250,16,0.064,0.008257683078142453
250,16,0.064,0.008913471758513314
250,16,0.064,-0.003573204201105573
250,16,0.064,0.009163592746125493
250,16,0.064,0.004298010297196286
250,16,0.064,0.016890330586789182
250,16,0.064,0.007092665422909761
250,16,0.064,0.002374556052017418
250,16,0.064,0.008234358557153598
250,16,0.064,0.0015075455722369235
250,16,0.064,0.002232009492286968
250,16,0.064,0.01669389053339998
250,16,0.064,0.008571303058823365
250,16,0.064,0.0023341969230225024
250,16,0.064,0.009420142204588033
250,16,0.064,0.011776234788163142
250,16,0.064,0.009465994834366331
250,16,0.064,-0.0027147714248730304
250,16,0.064,0.007534072298699623
250,16,0.064,0.002527432616858394
250,16,0.064,0.00193541168589223
250,16,0.064,0.006292990698175294
250,16,0.064,0.00353906971483553
250,16,0.064,0.015748863409397573
250,16,0.064,0.007678382639053238
250,16,0.064,0.010291300727089336
250,16,0.064,-0.008321705004983249
250,16,0.064,-0.013419447848096788
250,16,0.064,0.013545460742868387
250,16,0.064,0.010606358892687906
250,16,0.064,0.011949222314019292
250,16,0.064,0.017249269036762882
250,16,0.064,0.013798992357322737
250,16,0.064,0.000617337786782246
250,16,0.064,0.023283454786194868
250,16,0.064,-0.0002801832220184486
250,24,0.096,0.004812326154144064
250,24,0.096,0.013613193619607222
250,24,0.096,0.0075631707984285534
250,24,0.096,0.006370866119315255
250,24,0.096,0.024343799559694457
250,24,0.096,0.007185693156988582
250,24,0.096,0.00029669113850050444
250,24,0.096,0.0043602351614469015
250,24,0.096,-0.007822854922331035
250,24,0.096,0.01255789098484017
250,24,0.096,0.0010597553311611496
250,24,0.096,0.0055755705800116795
250,24,0.096,-0.013966478117719505
250,24,0.096,0.016202208362102066
250,24,0.096,0.019570357029800478
250,24,0.096,0.006059069700048103
250,24,0.096,0.008071315271870938
250,24,0.096,-0.007401000101228961
250,24,0.096,0.02089289198082872
250,24,0.096,0.009199103063356362
250,24,0.096,0.013997159194455377
250,24,0.096,-0.005612070969222838
250,24,0.096,0.0009553065310622388
250,24,0.096,0.02134114902534967
250,24,0.096,0.004291217642796219
250,24,0.096,0.013527618949225106
250,24,0.096,0.01342210530631921
250,24,0.096,0.0016348877478563617
250,24,0.096,-0.002625349489920159
250,24,0.096,0.003561235663551654
250,24,0.096,0.001191729242409123
250,24,0.096,0.00257489970125363
250,24,0.096,-0.006609899942718822
250,24,0.096,0.006483404747991028
250,24,0.096,0.012474782796207284
250,24,0.096,0.007970682363276416
250,24,0.096,0.005394929040926644
250,24,0.096,0.003475485349688223
250,24,0.096,0.00525575876437373
250,24,0.096,0.004987688830756398
250,32,0.128,0.018088586998944778
250,32,0.128,0.005903380200094732
250,32,0.128,0.004503668220204593
250,32,0.128,0.011318175507939121
250,32,0.128,0.011913850036243845
250,32,0.128,0.004072892550607832
250,32,0.128,0.01923643182145085
250,32,0.128,0.008573592956643394
250,32,0.128,0.019684513984165597
250,32,0.128,0.020441282636275926
250,32,0.128,0.0022869567440471084
250,32,0.128,0.02942172542422311
250,32,0.128,0.014227069106423018
250,32,0.128,0.023689864935738714
250,32,0.128,0.010270719799834738
250,32,0.128,0.017168678535927517
250,32,0.128,0.013919051002041438
250,32,0.128,0.004700963168797256
250,32,0.128,0.004241255862029669
250,32,0.128,0.006885442591159863
250,32,0.128,0.012690848757479889
250,32,0.128,0.014018610678096122
250,32,0.128,0.023817547052492727
250,32,0.128,0.0030848663595819392
250,32,0.128,0.0001537630008623947
250,32,0.128,0.010984258339291453
250,32,0.128,0.020930980944557753
250,32,0.128,0.020352719273147024
250,32,0.128,0.01411707803366724
250,32,0.128,0.008223149755618775
250,32,0.128,0.019604146053123828
250,32,0.128,0.013361506385361877
250,32,0.128,0.002870784814701044
250,32,0.128,0.0018962990451056316
250,32,0.128,0.01449275489166324
250,32,0.128,0.01864933923471973
250,32,0.128,0.014806370357293819
250,32,0.128,0.0050703634259615105
250,32,0.128,0.016564938080637137
250,32,0.128,0.006800533805024711
250,48,0.192,0.010583815001718844
250,48,0.192,0.021168679417811975
250,48,0.192,0.02036715606618139
250,48,0.192,0.012492755307121295
250,48,0.192,0.012415202220418808
250,48,0.192,0.02894937455380664
250,48,0.192,0.019550112527756902
250,48,0.192,0.017817417426516546
250,48,0.192,0.014726441838459281
250,48,0.192,0.013611912050168484
250,48,0.192,0.013972788439494233
250,48,0.192,0.027520794539537374
250,48,0.192,0.018937470864497208
250,48,0.192,0.014690106429796235
250,48,0.192,0.021539890451125365
250,48,0.192,0.015374367359902052
250,48,0.192,0.006790456909333498
250,48,0.192,0.013752124531361598
250,48,0.192,0.017369705780729106
250,48,0.192,0.00998138478955074
250,48,0.192,0.022098014723887505
250,48,0.192,0.028287933410089006
250,48,0.192,0.022342856716113024
250,48,0.192,0.018238499224464355
250,48,0.192,0.01250351061343391
250,48,0.192,0.025997073615547928
250,48,0.192,0.017613659234611
250,48,0.192,-0.0022933444887896504
250,48,0.192,0.029571717435846523
250,48,0.192,0.0028718242085020718
250,48,0.192,0.013560976628013421
250,48,0.192,0.01397015322180395
250,48,0.192,0.021402440141550072
250,48,0.192,0.01463724401816413
250,48,0.192,0.011624525981747125
250,48,0.192,0.011785165398273512
250,48,0.192,0.01255305749287322
250,48,0.192,0.017495584495690664
250,48,0.192,0.006467839847383083
250,48,0.192,0.020735648978265686
500,1,0.002,0.0
500,1,0.002,0.0
500,1,0.002,0.0
500,1,0.002,0.0
500,1,0.002,0.0
500,1,0.002,0.0
500,1,0.002,0.0
500,1,0.002,0.0
500,1,0.002,0.0
500,1,0.002,0.0
500,1,0.002,0.0
500,1,0.002,0.0
500,1,0.002,0.0
500,1,0.002,0.0
500,1,0.002,0.0
500,1,0.002,0.0
500,1,0.002,0.0
500,1,0.002,0.0
500,1,0.002,0.0
500,1,0.002,0.0
500,1,0.002,0.0
500,1,0.002,0.0
500,1,0.002,0.0
500,1,0.002,0.0
500,1,0.002,0.0
500,1,0.002,0.0
500,1,0.002,0.0
500,1,0.002,0.0
500,1,0.002,0.0
500,1,0.002,0.0
500,1,0.002,0.0
500,1,0.002,0.0
500,1,0.002,0.0
500,1,0.002,0.0
500,1,0.002,0.0
500,1,0.002,0.0
500,1,0.002,0.0
500,1,0.002,0.0
500,1,0.002,0.0
500,1,0.002,0.0
500,2,0.004,-0.009215016470363824
500,2,0.004,0.001376174718194123
500,2,0.004,0.0005935632840594618
500,2,0.004,-0.017408798031919193
500,2,0.004,-0.01299061426161252
500,2,0.004,-0.03880679789862351
500,2,0.004,-0.03411711696781711
500,2,0.004,0.0006728605220237549
500,2,0.004,-0.044293174993713436
500,2,0.004,-0.01099738562574748
500,2,0.004,-0.014315069596513186
500,2,0.004,-0.0008053616644444483
500,2,0.004,-0.003876279325733867
500,2,0.004,0.0002136439900388698
500,2,0.004,-0.00014212824427789483
500,2,0.004,-0.029220222577430344
500,2,0.004,-0.018029243478339008
500,2,0.004,-0.014926910478232358
500,2,0.004,-0.03325549951286039
500,2,0.004,-0.006840624486325386
500,2,0.004,-0.016337388382563378
500,2,0.004,-0.01170397678639118
500,2,0.004,6.120153326516498e-05
500,2,0.004,0.0008158216513208805
500,2,0.004,-0.0010333975463837075
500,2,0.004,-0.00041389163474042645
500,2,0.004,-0.010328496409868493
500,2,0.004,-0.02026781880050682
500,2,0.004,-0.004665085530231927
500,2,0.004,-0.00962981682114028
500,2,0.004,-0.023493930159393217
500,2,0.004,-0.03371652188892371
500,2,0.004,-0.00037477382046491314
500,2,0.004,-0.007875598038151244
500,2,0.004,-0.0027478548021585003
500,2,0.004,-0.012764814972325955
500,2,0.004,-0.00014603213636565915
500,2,0.004,-0.026985351072393082
500,2,0.004,-0.009392311345192472
500,2,0.004,-0.024053513482998
500,3,0.006,-0.01107848325198224
500,3,0.006,-0.012297023262399842
500,3,0.006,-0.03180133638116173
500,3,0.006,-0.0038418166895453076
500,3,0.006,-0.006140369784597033
500,3,0.006,-0.0001895973290590991
500,3,0.006,-0.002427350159961539
500,3,0.006,-0.00729641097518452
500,3,0.006,-0.022390787493371256
500,3,0.006,-0.01163095447150242
500,3,0.006,-0.01618629091353685
500,3,0.006,-7.894783323636467e-05
500,3,0.006,-0.009970558322850487
500,3,0.006,-0.007548303106799992
500,3,0.006,-0.0028037679646792935
500,3,0.006,0.00013615000354577633
500,3,0.006,0.003208062235436071
500,3,0.006,-0.01980332061574508
500,3,0.006,-0.029661663689885542
500,3,0.006,-0.0007028622567298859
500,3,0.006,-0.007193648744227676
500,3,0.006,-0.0027794714119557806
500,3,0.006,-0.003448070850736229
500,3,0.006,-0.021097209066372413
500,3,0.006,-0.029114673592592455
500,3,0.006,-0.0008153930112702046
500,3,0.006,-0.01882062508669402
500,3,0.006,0.0008277568454833073
500,3,0.006,-0.01787386286650744
500,3,0.006,-0.008057722973707826
500,3,0.006,-0.00713457546927565
500,3,0.006,-0.014555098916377462
500,3,0.006,-0.028346160275494026
500,3,0.006,-0.0031583862939685847
500,3,0.006,-0.02074335130759053
500,3,0.006,-0.009168256081254433
500,3,0.006,-0.02172533357496287
500,3,0.006,-0.026601050757318223
500,3,0.006,-0.0155813615314368
500,3,0.006,-0.02756119198597584
500,4,0.008,-0.01919741688183496
500,4,0.008,-0.00965585987196671
500,4,0.008,-0.007573565353693301
500,4,0.008,-0.0017708392127723238
500,4,0.008,-0.018702292856255687
500,4,0.008,-0.006111355459305523
500,4,0.008,-0.010916283304810037
500,4,0.008,-0.02074404747535763
500,4,0.008,-0.003277327470968261
500,4,0.008,-0.0011612906215708874
500,4,0.008,-0.00960540408372862
500,4,0.008,-0.005240053025020008
500,4,0.008,-0.00898807240229782
500,4,0.008,-0.006364008358402673
500,4,0.008,-0.013708879103163374
500,4,0.008,-0.013058323497731783
500,4,0.008,-0.0023164120807109834
500,4,0.008,-0.0012601076389051058
500,4,0.008,-0.01451339957127512
500,4,0.008,-0.011336420154043458
500,4,0.008,0.0016682689455472799
500,4,0.008,-0.013192903694665747
500,4,0.008,-0.00010160059527797305
500,4,0.008,-0.013404830439236237
500,4,0.008,-0.0057527662867359886
500,4,0.008,-0.017180866632569236
500,4,0.008,0.0001101768934587688
500,4,0.008,-0.010538354066122912
500,4,0.008,-0.002851454031855327
500,4,0.008,-0.009322515126993336
500,4,0.008,-0.00662273575870187
500,4,0.008,-0.013963030379898211
500,4,0.008,-0.02266100747385852
500,4,0.008,-0.014120039695692144
500,4,0.008,-0.012263404786445165
500,4,0.008,0.0005248912185304988
500,4,0.008,-0.00930745584177145
500,4,0.008,-0.00749243206258815
500,4,0.008,-0.016519352056153958
500,4,0.008,-0.01630866121711022
500,6,0.012,-0.0030633462715003446
500,6,0.012,-0.0004334395704286842
500,6,0.012,-0.005727274883828792
500,6,0.012,-0.01503967309709392
500,6,0.012,-0.005159368781860796
500,6,0.012,-0.01608011678551957
500,6,0.012,-0.017620711222208096
500,6,0.012,-0.02570147160581171
500,6,0.012,-0.017249041593337566
500,6,0.012,-0.006211782057983173
500,6,0.012,-0.01727824583996851
500,6,0.012,-0.004904138913540912
500,6,0.012,-0.003792271352816734
500,6,0.012,-0.0021550105153358423
500,6,0.012,-0.014323079821604912
500,6,0.012,-0.011583491086812225
500,6,0.012,-0.007784825656207028
500,6,0.012,-0.005575890287313812
500,6,0.012,0.0001308557172702285
500,6,0.012,-0.01492693825982866
500,6,0.012,0.001519955996271194
500,6,0.012,-0.0001392962727922442
500,6,0.012,-0.03840559509456304
500,6,0.012,-0.014120516211127976
500,6,0.012,-0.01252979820733413
500,6,0.012,-0.019805071757868775
500,6,0.012,-0.01039548233528681
500,6,0.012,-0.008101525238186025
500,6,0.012,-0.006668649343064326
500,6,0.012,-0.01882263379494803
500,6,0.012,-0.008737750547020307
500,6,0.012,-0.01749114770347615
500,6,0.012,-0.0020918540851758705
500,6,0.012,-0.005114799699607264
500,6,0.012,-0.004523004002455311
500,6,0.012,-0.00951474954358733
500,6,0.012,-0.0006900411193196954
500,6,0.012,-0.006018876422092534
500,6,0.012,-0.006721326979867548
500,6,0.012,-0.0051316369983686605
500,8,0.016,-0.0019084374941868432
500,8,0.016,-0.02501542045127647
500,8,0.016,8.914739415749606e-05
500,8,0.016,-0.009209704327284296
500,8,0.016,-0.009956574531876705
500,8,0.016,-0.005211177093347175
500,8,0.016,-0.008510421550310066
500,8,0.016,-0.0035810424248967077
500,8,0.016,-0.008061760048744704
500,8,0.016,-0.0045360542358015565
500,8,0.016,-0.00022408895564318687
500,8,0.016,-0.009130755125587975
500,8,0.016,0.008134343779730546
500,8,0.016,-0.010816140335488333
500,8,0.016,-0.01192877109409024
500,8,0.016,0.004540565948532471
500,8,0.016,-0.0030394124478660967
500,8,0.016,-0.010782770789079632
500,8,0.016,-0.01411858635155161
500,8,0.016,-0.007881482161761488
500,8,0.016,-0.007450117862906169
500,8,0.016,0.0033683827614009454
500,8,0.016,-0.007874328780412942
500,8,0.016,-0.01022220098651605
500,8,0.016,0.0038940055487778347
500,8,0.016,-0.005274719620857571
500,8,0.016,-0.003400419978810576
500,8,0.016,-0.008192399326621025
500,8,0.016,-0.013003130514023187
500,8,0.016,-0.008295525168159457
500,8,0.016,-0.0005236197675796417
500,8,0.016,-0.00784821282298137
500,8,0.016,-0.006469404835368675
500,8,0.016,-0.001839612906593291
500,8,0.016,-0.00914439943641776
500,8,0.016,-0.006766398876292379
500,8,0.016,-0.009458059072847802
500,8,0.016,-0.0006637417314451777
500,8,0.016,-0.0071036556480924
500,8,0.016,0.002280259938345963
500,12,0.024,-0.005477928712014968
500,12,0.024,-0.003073942079898251
500,12,0.024,-0.0056983753617591
500,12,0.024,-0.007888774145358712
500,12,0.024,-0.008238787722864904
500,12,0.024,0.00044299637404832115
500,12,0.024,-5.038872850021692e-05
500,12,0.024,0.003958524707977806
500,12,0.024,-0.005876447036765264
500,12,0.024,0.0025267765482185345
500,12,0.024,-0.007891060716650689
500,12,0.024,0.004581063809095287
500,12,0.024,-0.002853556586238759
500,12,0.024,-0.002263964632954363
500,12,0.024,-0.009157956924049249
500,12,0.024,-0.0011508214342083045
500,12,0.024,-0.00500972244050063
500,12,0.024,0.00011913101141808324
500,12,0.024,0.0008440192465604124
500,12,0.024,-0.0023727347746995697
500,12,0.024,-0.0008560107960042806
500,12,0.024,0.0023460076960334364
500,12,0.024,0.0010670176229399253
500,12,0.024,0.005697533405053079
500,12,0.024,0.0009015337711407168
500,12,0.024,-0.004962162835378037
500,12,0.024,0.008249301713895485
500,12,0.024,0.002205809293007621
500,12,0.024,-0.0024921406627236853
500,12,0.024,0.0014314014985066237
500,12,0.024,0.002537556561101384
500,12,0.024,-0.004480605159731754
500,12,0.024,-0.0014635546392037235
500,12,0.024,-0.006054418867197764
500,12,0.024,-0.010581463513527345
500,12,0.024,-0.00012367854751421659
500,12,0.024,-0.0059744027611693395
500,12,0.024,-0.004323749661497123
500,12,0.024,0.005747672971405937
500,12,0.024,-0.008060756208217335
500,16,0.032,0.007261017296448513
500,16,0.032,-0.002573255461520374
500,16,0.032,-0.004795522206613223
500,16,0.032,0.0018323215437754947
500,16,0.032,-0.0007539389709342315
500,16,0.032,0.00039841331843504246
500,16,0.032,0.004033606704187287
500,16,0.032,-0.0017350634391122277
500,16,0.032,0.0005669176894197991
500,16,0.032,0.008466426885519907
500,16,0.032,-0.00147582412958841
500,16,0.032,0.002320782627168727
500,16,0.032,-0.0014024816100037252
500,16,0.032,-0.005721445106062595
500,16,0.032,0.0003796289501816208
500,16,0.032,-0.0038007934306725777
500,16,0.032,0.0018912045773426533
500,16,0.032,0.0007286745422667162
500,16,0.032,0.0013792990790490456
500,16,0.032,-0.0016530229244359762
500,16,0.032,-0.011978063999470101
500,16,0.032,0.0013541754801912331
500,16,0.032,0.004801196815348907
500,16,0.032,-0.0038136084147496474
500,16,0.032,-0.0018562557061554963
500,16,0.032,-0.005514408177049845
500,16,0.032,0.004973775273584391
500,16,0.032,0.0018518967726416924
500,16,0.032,-0.005891131042172704
500,16,0.032,0.0010694897211607768
500,16,0.032,1.912502493989221e-05
500,16,0.032,0.002362627628284375
500,16,0.032,0.005453800713957846
500,16,0.032,-0.004607702791150248
500,16,0.032,0.0027994110238196424
500,16,0.032,-0.001340201581310596
500,16,0.032,-0.01242505258324239
500,16,0.032,-0.005774109614592682
500,16,0.032,0.00718583995537031
500,16,0.032,0.003933030487336453
500,24,0.048,0.0011776800455109426
500,24,0.048,0.005347205536962829
500,24,0.048,0.003322985229383013
500,24,0.048,-0.0028442483332322133
500,24,0.048,0.011576720182183753
500,24,0.048,0.00144307678315303
500,24,0.048,0.00708678370881527
500,24,0.048,-0.0010499043502162908
500,24,0.048,0.0030691981817007608
500,24,0.048,0.0053259564532613934
500,24,0.048,-0.002211709679973084
500,24,0.048,0.007853977278425073
500,24,0.048,3.055800281293042e-05
500,24,0.048,0.006575213088641285
500,24,0.048,0.009708204041856905
500,24,0.048,0.0007753899237000761
500,24,0.048,-0.0012442441225683498
500,24,0.048,8.433323160916828e-07
500,24,0.048,0.003308830405495067
500,24,0.048,0.005655064346770378
500,24,0.048,0.002777682698925976
500,24,0.048,0.0045016969198702905
500,24,0.048,-0.00965507642169161
500,24,0.048,0.00810425596855946
500,24,0.048,0.014560790630039955
500,24,0.048,0.0006342280204084672
500,24,0.048,0.0086820321192424
500,24,0.048,-6.122902902022664e-05
500,24,0.048,0.010957965178031825
500,24,0.048,0.005270068702663944
500,24,0.048,0.00501742584251208
500,24,0.048,0.005810292496486624
500,24,0.048,-0.0026511017810743054
500,24,0.048,0.007141627513835402
500,24,0.048,0.009727405978900705
500,24,0.048,0.004440096082392653
500,24,0.048,-0.0031177411930730092
500,24,0.048,0.00817441996359547
500,24,0.048,0.00513516408532616
500,24,0.048,-0.0018120709634295018
500,32,0.064,-0.0019168181386330363
500,32,0.064,-0.0008028164782771241
500,32,0.064,0.009024387473090645
500,32,0.064,0.0015586432781222737
500,32,0.064,0.0053996993951854755
500,32,0.064,0.01101565908421459
500,32,0.064,0.006321176169518827
500,32,0.064,0.009641923972129873
500,32,0.064,-0.0003374576229626114
500,32,0.064,0.007253840306245929
500,32,0.064,0.0027375734271181673
500,32,0.064,0.008030561007943915
500,32,0.064,0.012978168397908718
500,32,0.064,-0.005536268245209863
500,32,0.064,0.003460946345985705
500,32,0.064,0.007493479780374679
500,32,0.064,-0.00010943854796885422
500,32,0.064,0.00721932896147609
500,32,0.064,0.005656385730792912
500,32,0.064,0.015343674092009485
500,32,0.064,0.009541126200684091
500,32,0.064,0.0052649929088988134
500,32,0.064,0.0034419122612908137
500,32,0.064,0.0036208884724651114
500,32,0.064,0.008457026119978062
500,32,0.064,0.0035698617978829894
500,32,0.064,0.003683689667730139
500,32,0.064,0.003497663760671399
500,32,0.064,0.002763538965507517
500,32,0.064,0.011604215522223404
500,32,0.064,0.008075482585585936
500,32,0.064,0.0006777473570721004
500,32,0.064,-0.002366531953136519
500,32,0.064,-0.004535283571641291
500,32,0.064,0.01064283973032587
500,32,0.064,0.006224258808303518
500,32,0.064,0.004604650869626026
500,32,0.064,0.0026108546635669194
500,32,0.064,0.005189627618553405
500,32,0.064,0.006664155795771842
500,48,0.096,0.011280064271485701
500,48,0.096,0.013448805297510524
500,48,0.096,0.01215605156067634
500,48,0.096,0.0013848634932923654
500,48,0.096,0.0035317768159384144
500,48,0.096,0.003731258701797524
500,48,0.096,0.015849188501052103
500,48,0.096,0.009809282691878973
500,48,0.096,0.00528742699147583
500,48,0.096,0.0035055985039932347
500,48,0.096,-0.00012549765723934847
500,48,0.096,0.0028854385725343157
500,48,0.096,0.005760398174502912
500,48,0.096,0.007696156350092409
500,48,0.096,0.008825558594115712
500,48,0.096,0.009576043737069218
500,48,0.096,0.0023228992344760946
500,48,0.096,0.013440966869367743
500,48,0.096,0.012504109113986028
500,48,0.096,0.012838880725570878
500,48,0.096,0.009821972964382142
500,48,0.096,0.005575531705423076
500,48,0.096,0.005451184754389493
500,48,0.096,0.0011986133614393935
500,48,0.096,0.00597724316622944
500,48,0.096,0.012717375189796598
500,48,0.096,0.012060683024828156
500,48,0.096,0.008869215397281915
500,48,0.096,0.007106962555128327
500,48,0.096,0.011441166804374292
500,48,0.096,0.005032231743226145
500,48,0.096,0.017398603113036037
500,48,0.096,0.004978003920034335
500,48,0.096,0.018318519868603667
500,48,0.096,0.007119710252883382
500,48,0.096,0.0011578596252020956
500,48,0.096,0.01470697900583151
500,48,0.096,0.010684783298532397
500,48,0.096,0.009303506491830316
500,48,0.096,0.0027463101957174163
500,64,0.128,0.008029952755668757
500,64,0.128,0.016565762503566395
500,64,0.128,0.0028537226212438926
500,64,0.128,0.011515710773367882
500,64,0.128,0.019491976065395045
500,64,0.128,0.012882544635655024
500,64,0.128,0.01252663982527008
500,64,0.128,0.012474425877107231
500,64,0.128,0.013744490180038038
500,64,0.128,0.017950649784233386
500,64,0.128,0.004678877456937125
500,64,0.128,0.007322690317373481
500,64,0.128,0.008825460981434718
500,64,0.128,0.012988920256585212
500,64,0.128,0.007976550786963466
500,64,0.128,0.016546459433778582
500,64,0.128,0.017533996864874668
500,64,0.128,0.01464733285651576
500,64,0.128,0.009611892235897479
500,64,0.128,0.010727331275537932
500,64,0.128,-0.0023074758343115676
500,64,0.128,0.010211031721389097
500,64,0.128,0.0056736684817559335
500,64,0.128,0.003911336514423269
500,64,0.128,0.0044733071678618175
500,64,0.128,0.010679034891030836
500,64,0.128,0.008412620853814112
500,64,0.128,0.01694455917848725
500,64,0.128,0.016398123564716316
500,64,0.128,0.013338195905442829
500,64,0.128,0.017524254855854904
500,64,0.128,0.004179080634009513
500,64,0.128,0.0072488943591162425
500,64,0.128,0.012680463165865907
500,64,0.128,0.011949759319850595
500,64,0.128,0.009171713291305339
500,64,0.128,0.01889857636771297
500,64,0.128,0.008200861989661912
500,64,0.128,0.009735857593891672
500,64,0.128,0.007574018037519115
500,96,0.192,0.008493557629866588
500,96,0.192,0.009389578467424387
500,96,0.192,0.015892329691608753
500,96,0.192,0.012935467015189717
500,96,0.192,0.018277972700222245
500,96,0.192,0.012872831418878072
500,96,0.192,0.012143080116549854
500,96,0.192,0.010537583227508363
500,96,0.192,0.012677923913125555
500,96,0.192,0.004864298295487457
500,96,0.192,0.020497186472317575
500,96,0.192,0.017086504495188448
500,96,0.192,0.020705435878699607
500,96,0.192,0.013115473386503484
500,96,0.192,0.0121768369481014
500,96,0.192,0.0075094481187175655
500,96,0.192,0.012574882762666273
500,96,0.192,0.016476933986541875
500,96,0.192,0.01011777271320935
500,96,0.192,0.015071009331817764
500,96,0.192,0.017749770357078143
500,96,0.192,0.015526941315631593
500,96,0.192,0.019043794495035737
500,96,0.192,0.007319271052808163
500,96,0.192,0.01756731715142401
500,96,0.192,0.016290844006805028
500,96,0.192,0.0040512982554876675
500,96,0.192,0.009126388075655578
500,96,0.192,0.020906362308536985
500,96,0.192,0.016679976201854463
500,96,0.192,0.017328732083962073
500,96,0.192,0.012479743037478175
500,96,0.192,0.01971707726363725
500,96,0.192,0.01850031582139655
500,96,0.192,0.01110482357721565
500,96,0.192,0.005965697426267957
500,96,0.192,0.012460710848269718
500,96,0.192,0.013630129334804564
500,96,0.192,0.0149218560315163
500,96,0.192,0.014374784088163506
1000,1,0.001,0.0
1000,1,0.001,0.0
1000,1,0.001,0.0
1000,1,0.001,0.0
1000,1,0.001,0.0
1000,1,0.001,0.0
1000,1,0.001,0.0
1000,1,0.001,0.0
1000,1,0.001,0.0
1000,1,0.001,0.0
1000,1,0.001,0.0
1000,1,0.001,0.0
1000,1,0.001,0.0
1000,1,0.001,0.0
1000,1,0.001,0.0
1000,1,0.001,0.0
1000,1,0.001,0.0
1000,1,0.001,0.0
1000,1,0.001,0.0
1000,1,0.001,0.0
1000,1,0.001,0.0
1000,1,0.001,0.0
1000,1,0.001,0.0
1000,1,0.001,0.0
1000,1,0.001,0.0
1000,1,0.001,0.0
1000,1,0.001,0.0
1000,1,0.001,0.0
1000,1,0.001,0.0
1000,1,0.001,0.0
1000,1,0.001,0.0
1000,1,0.001,0.0
1000,1,0.001,0.0
1000,1,0.001,0.0
1000,1,0.001,0.0
1000,1,0.001,0.0
1000,1,0.001,0.0
1000,1,0.001,0.0
1000,1,0.001,0.0
1000,1,0.001,0.0
1000,2,0.002,-0.02056534330130383
1000,2,0.002,-0.00025144010590705257
1000,2,0.002,-0.01030057925848804
1000,2,0.002,-0.008673549417971382
1000,2,0.002,-0.019989328769388692
1000,2,0.002,-0.024899966884171842
1000,2,0.002,-0.0031458258622110713
1000,2,0.002,0.00015723117896870864
1000,2,0.002,0.0009275895936048939
1000,2,0.002,-0.02454069182620361
1000,2,0.002,-0.02079443025439054
1000,2,0.002,-0.0066667826449271494
1000,2,0.002,-0.03929638394659157
1000,2,0.002,0.0004883863970115976
1000,2,0.002,-0.031001810812897823
1000,2,0.002,-0.005932810249482501
1000,2,0.002,-0.00824911193716188
1000,2,0.002,-0.0026436295591307224
1000,2,0.002,-0.02581074935282296
1000,2,0.002,-0.008802574390659013
1000,2,0.002,-0.004766671232660169
1000,2,0.002,-0.0015579776179345806
1000,2,0.002,-0.017150508526577735
1000,2,0.002,6.303452097106144e-05
1000,2,0.002,-0.0057100327945057705
1000,2,0.002,0.0005648436891261821
1000,2,0.002,-0.004924971260348021
1000,2,0.002,-0.01768798731911364
1000,2,0.002,-0.004985283122837525
1000,2,0.002,-0.0018464472934027198
1000,2,0.002,-0.00031025403519552297
1000,2,0.002,-0.005897591109093325
1000,2,0.002,-0.006929770794582901
1000,2,0.002,-0.015571807494879464
1000,2,0.002,-0.010888664501932876
1000,2,0.002,-0.03807441919915866
1000,2,0.002,-0.00904054288469952
1000,2,0.002,-0.05183271532650646
1000,2,0.002,-0.032861376879349424
1000,2,0.002,5.0333006346992004e-05
1000,3,0.003,-0.023094650650450965
1000,3,0.003,-0.022389246860622103
1000,3,0.003,-0.003818158382953407
1000,3,0.003,-0.02238938463486362
1000,3,0.003,-0.0005157000670147904
1000,3,0.003,-0.015191489871387798
1000,3,0.003,-0.012079694299885646
1000,3,0.003,-0.012240763788935016
1000,3,0.003,-0.0036992092702960444
1000,3,0.003,0.0004820040431119943
1000,3,0.003,-0.009668345361193653
1000,3,0.003,-0.013417704625794058
1000,3,0.003,-0.030218485407656426
1000,3,0.003,-0.006032772648387474
1000,3,0.003,-0.020151047192872307
1000,3,0.003,-0.029436813982334276
1000,3,0.003,-0.0011296239778185169
1000,3,0.003,-0.002567779541574833
1000,3,0.003,-0.02862446518215056
1000,3,0.003,-0.005123933743129805
1000,3,0.003,-0.006592477031187927
1000,3,0.003,-0.008022723519205854
1000,3,0.003,-0.02419798442761617
1000,3,0.003,-0.003241902733510049
1000,3,0.003,-0.01107583144046631
1000,3,0.003,-0.009191735935280332
1000,3,0.003,0.00021214496915467063
1000,3,0.003,-0.0042125818359677325
1000,3,0.003,-0.006397991566346628
1000,3,0.003,-0.003957258124725582
1000,3,0.003,-0.009906650864917155
1000,3,0.003,-0.0017727786981401872
1000,3,0.003,-0.020544743283259115
1000,3,0.003,-0.019232446248926338
1000,3,0.003,-0.005109654440327571
1000,3,0.003,-0.033975318004607125
1000,3,0.003,-0.003050254613312209
1000,3,0.003,-0.0030613767157869898
1000,3,0.003,-0.0003377658335471101
1000,3,0.003,-0.01263511994587685
1000,4,0.004,-0.010694591352045424
1000,4,0.004,-0.002463143175273852
1000,4,0.004,-0.011732166267969968
1000,4,0.004,-0.021807484821638023
1000,4,0.004,-0.009967068235294474
1000,4,0.004,-0.0017824880750695882
1000,4,0.004,-0.006554374475176039
1000,4,0.004,-0.007887755169050992
1000,4,0.004,-0.012774944013359102
1000,4,0.004,-0.004584608726017958
1000,4,0.004,-0.011857269341091936
1000,4,0.004,-0.01021731794147257
1000,4,0.004,-0.024108309721342536
1000,4,0.004,-0.0063709463759586415
1000,4,0.004,-0.0025418637187668014
1000,4,0.004,-0.003252829319708106
1000,4,0.004,-0.005900722746674247
1000,4,0.004,-0.0009854325108222817
1000,4,0.004,-0.019540424760798647
1000,4,0.004,0.0026789622081060394
1000,4,0.004,-0.0034733788421725253
1000,4,0.004,-0.004553716626810422
1000,4,0.004,-0.005624202680896417
1000,4,0.004,-0.01004730093406564
1000,4,0.004,-4.448734966167045e-05
1000,4,0.004,-0.029469910343168704
1000,4,0.004,-0.02796197337095574
1000,4,0.004,-0.02703682296402604
1000,4,0.004,-0.027664539635523178
1000,4,0.004,-0.009271630861382774
1000,4,0.004,-0.009097737530006755
1000,4,0.004,-0.014996103275631278
1000,4,0.004,-0.022803586455369784
1000,4,0.004,-0.021287927661437056
1000,4,0.004,-0.00554387172818166
1000,4,0.004,-0.025266360255138565
1000,4,0.004,-0.0197740549927633
1000,4,0.004,-0.031224119473649226
1000,4,0.004,-0.007380043499704947
1000,4,0.004,-0.01004621183832366
1000,6,0.006,-0.010003506590445743
1000,6,0.006,-0.0037704291946871193
1000,6,0.006,-0.0006174834323720013
1000,6,0.006,-0.02320228019984566
1000,6,0.006,-0.009583776248507314
1000,6,0.006,-0.002217351350077501
1000,6,0.006,-0.004216216643342652
1000,6,0.006,-0.0005019742478352685
1000,6,0.006,-0.004833552623758786
1000,6,0.006,-0.0018708948094077749
1000,6,0.006,-0.01804709947067551
1000,6,0.006,-0.0160652923691329
1000,6,0.006,-0.0017608842007462155
1000,6,0.006,-0.010888504152879841
1000,6,0.006,-0.01775322144458724
1000,6,0.006,-0.010263795566385236
1000,6,0.006,-0.01327229416031217
1000,6,0.006,-0.008643309824664103
1000,6,0.006,-0.002066526403918023
1000,6,0.006,-0.004354848656785704
1000,6,0.006,-0.012466600621474921
1000,6,0.006,-0.01478484952672754
1000,6,0.006,-0.010538630683078198
1000,6,0.006,-0.009486403083691586
1000,6,0.006,-0.015180245933823389
1000,6,0.006,-0.0034001093605797728
1000,6,0.006,-0.027765612098303416
1000,6,0.006,-0.0032337444811688654
1000,6,0.006,-0.011991618258858139
1000,6,0.006,-0.020276449781792105
1000,6,0.006,-0.009349181031635512
1000,6,0.006,-0.004017801511110641
1000,6,0.006,-0.008095663640013795
1000,6,0.006,-0.0018085759772667465
1000,6,0.006,-0.01070719384419333
1000,6,0.006,-0.009330880717817291
1000,6,0.006,-0.0060953619098055856
1000,6,0.006,-0.005896198963850907
1000,6,0.006,0.0007404392463628007
1000,6,0.006,-0.010518120287268173
1000,8,0.008,-0.010999825798998775
1000,8,0.008,-0.004005014824865094
1000,8,0.008,-0.01099150242903807
1000,8,0.008,-0.015595515537374705
1000,8,0.008,-0.005285481045136375
1000,8,0.008,-0.0030107117455322463
1000,8,0.008,-0.010851077617069882
1000,8,0.008,-0.009946014049662388
1000,8,0.008,-0.007059888385737789
1000,8,0.008,-0.01524670418281332
1000,8,0.008,-0.005360760654770758
1000,8,0.008,-0.007460522222258237
1000,8,0.008,-0.0038478740504566122
1000,8,0.008,-0.01986832910834302
1000,8,0.008,-0.00016325859259730402
1000,8,0.008,-0.003607847386393692
1000,8,0.008,-0.0073079203619707545
1000,8,0.008,-0.013667145354871568
1000,8,0.008,-0.0009880895600355433
1000,8,0.008,-0.001856450155195255
1000,8,0.008,-0.006959167155464685
1000,8,0.008,-0.01301695428989269
1000,8,0.008,-0.008052699637917049
1000,8,0.008,-0.016476304523355245
1000,8,0.008,-0.015365437110808455
1000,8,0.008,-0.00024169658234163283
1000,8,0.008,-0.005293211588357938
1000,8,0.008,-0.008385327038968715
1000,8,0.008,-0.008173857005531915
1000,8,0.008,-0.006456156430046489
1000,8,0.008,-0.014234063470645764
1000,8,0.008,-0.006646468502992053
1000,8,0.008,-0.011354795840400167
1000,8,0.008,-0.011330253656506306
1000,8,0.008,-0.008254362893401535
1000,8,0.008,-0.008007935735491967
1000,8,0.008,-0.015259167837480658
1000,8,0.008,-0.005006147317238807
1000,8,0.008,-0.012813566202576399
1000,8,0.008,-0.004369910450392367
1000,12,0.012,-0.0014429645106824318
1000,12,0.012,-0.004308877335131356
1000,12,0.012,-0.00035385010755745183
1000,12,0.012,-0.0137999910298785
1000,12,0.012,-0.0005533078512712231
1000,12,0.012,-0.002323183983712618
1000,12,0.012,-0.002932820989992202
1000,12,0.012,-0.00362798472841247
1000,12,0.012,-0.00744497403039901
1000,12,0.012,-0.0025045239169194655
1000,12,0.012,-0.0063972104746547465
1000,12,0.012,-0.007592545650227267
1000,12,0.012,-0.004636982312697879
1000,12,0.012,-0.010347809595590451
1000,12,0.012,-0.0013304969537925038
1000,12,0.012,-0.0024543497194545183
1000,12,0.012,-0.006673677646777787
1000,12,0.012,-0.0035752966398460706
1000,12,0.012,-0.004762852497310677
1000,12,0.012,-0.003949333834331659
1000,12,0.012,-0.00023410730832651439
1000,12,0.012,-0.011388520481850128
1000,12,0.012,-0.02097460347496921
1000,12,0.012,-0.011544488751435544
1000,12,0.012,-0.0030931831562164835
1000,12,0.012,-0.006470367546271227
1000,12,0.012,-0.0020633226694787288
1000,12,0.012,-0.003977436668371137
1000,12,0.012,-0.0019175564560262592
1000,12,0.012,-0.0012054831058588844
1000,12,0.012,-0.001106719309465598
1000,12,0.012,-0.003378044011919934
1000,12,0.012,-0.002717524448676012
1000,12,0.012,-0.006190571436879011
1000,12,0.012,-0.01113055605319102
1000,12,0.012,-0.0038640711977266373
1000,12,0.012,-0.003764668993742837
1000,12,0.012,-0.008684908683850745
1000,12,0.012,-0.016914895198376356
1000,12,0.012,-0.00018346248793782438
1000,16,0.016,-0.007105926227875037
1000,16,0.016,-0.002180437392315493
1000,16,0.016,-0.0037021118327564273
1000,16,0.016,-0.003824052948292911
1000,16,0.016,0.004348317886077202
1000,16,0.016,-0.00019860876641086822
1000,16,0.016,-0.0028160630480199567
1000,16,0.016,-0.004051348852900649
1000,16,0.016,-0.005927224979200174
1000,16,0.016,-0.004657841911357652
1000,16,0.016,-0.0032536230288972012
1000,16,0.016,0.0015620745622277887
1000,16,0.016,-0.0047658958160207154
1000,16,0.016,0.003292602795170352
1000,16,0.016,-0.0005679156709574307
1000,16,0.016,-0.001536809094192182
1000,16,0.016,-0.0033238011269295376
1000,16,0.016,-0.0014014032538242072
1000,16,0.016,-0.0036350778750292023
1000,16,0.016,-0.0035947884319465495
1000,16,0.016,-0.004563493759399406
1000,16,0.016,-0.01000414858657056
1000,16,0.016,0.00039473822610186504
1000,16,0.016,0.001081185185670297
1000,16,0.016,0.0025478333006832554
1000,16,0.016,-0.0012492792923426421
1000,16,0.016,0.007000648086202932
1000,16,0.016,-8.014560112956648e-05
1000,16,0.016,0.0004413893471885144
1000,16,0.016,-0.002030552243971584
1000,16,0.016,-0.00490904537178577
1000,16,0.016,-0.006516253835490593
1000,16,0.016,-0.0009768351700557565
1000,16,0.016,-0.0061441988304963835
1000,16,0.016,-6.663579811166942e-05
1000,16,0.016,-0.0010155349960987436
1000,16,0.016,-0.0009335115594847343
1000,16,0.016,-0.001861463747599379
1000,16,0.016,-0.0021115223689539553
1000,16,0.016,-0.004396736823264635
1000,24,0.024,-0.0020223239709870056
1000,24,0.024,-0.0011520411720550294
1000,24,0.024,0.003006565732507571
1000,24,0.024,-0.005840361607703071
1000,24,0.024,-0.004155411655835883
1000,24,0.024,0.0009376443429313652
1000,24,0.024,-0.0017489841118437655
1000,24,0.024,0.003455042650263973
1000,24,0.024,0.0009100788403004212
1000,24,0.024,-0.00019663093903388162
1000,24,0.024,0.003700813371506073
1000,24,0.024,0.0013734021625739778
1000,24,0.024,0.003814669282065475
1000,24,0.024,0.001264174894615
1000,24,0.024,-0.0005538997389645806
1000,24,0.024,-0.0033662018383348036
1000,24,0.024,0.0031898937036019537
1000,24,0.024,-0.0002557523205897194
1000,24,0.024,0.002330329829446809
1000,24,0.024,-0.00027244902750217515
1000,24,0.024,-0.0015795433756176647
1000,24,0.024,-0.0019128951910847292
1000,24,0.024,0.003566100545720874
1000,24,0.024,0.0016085773365556721
1000,24,0.024,-0.0023928392224704664
1000,24,0.024,-0.00031783763285814226
1000,24,0.024,-0.001498616216119908
1000,24,0.024,-1.911474328558649e-05
1000,24,0.024,0.00539133780748563
1000,24,0.024,0.0051991724731262345
1000,24,0.024,8.668775146486452e-05
1000,24,0.024,-0.0026870382337748633
1000,24,0.024,0.0022287075675477275
1000,24,0.024,8.0976488527007e-05
1000,24,0.024,0.0017876488084709319
1000,24,0.024,-0.0023397893789952606
1000,24,0.024,-0.0020221826841705925
1000,24,0.024,-0.0005154704283464873
1000,24,0.024,0.004005687687318349
1000,24,0.024,0.0009347125538082257
1000,32,0.032,0.004198390753200831
1000,32,0.032,0.008477805640243863
1000,32,0.032,0.0041427887138328345
1000,32,0.032,0.0043207618132591885
1000,32,0.032,0.0034021599662655277
1000,32,0.032,0.0056687235544050085
1000,32,0.032,0.003754734219871103
1000,32,0.032,0.004457386393601159
1000,32,0.032,-0.0017026932524976668
1000,32,0.032,0.0010808591966447456
1000,32,0.032,0.0008410647178606623
1000,32,0.032,0.0033728779583093726
1000,32,0.032,0.005790393753948242
1000,32,0.032,-0.0021919590417136536
1000,32,0.032,0.001616171705548286
1000,32,0.032,0.002233631757367016
1000,32,0.032,0.00553245722042045
1000,32,0.032,0.0021885690796101254
1000,32,0.032,0.002766465687896291
1000,32,0.032,0.0036398771166038513
1000,32,0.032,-0.0029212957342279466
1000,32,0.032,0.004066547418580646
1000,32,0.032,0.004135754467872121
1000,32,0.032,0.002547093921603405
1000,32,0.032,0.005125866631968512
1000,32,0.032,0.006419584167087211
1000,32,0.032,0.0029126155138666787
1000,32,0.032,0.004441648461381509
1000,32,0.032,-0.0007998399422012858
1000,32,0.032,0.0026580172221010168
1000,32,0.032,0.004946218728534235
1000,32,0.032,0.0008342156854972416
1000,32,0.032,0.00042976062479682664
1000,32,0.032,0.007814198143110573
1000,32,0.032,0.003339396356764779
1000,32,0.032,0.0009371411633938287
1000,32,0.032,0.0033281859383087475
1000,32,0.032,0.0010992754244888991
1000,32,0.032,2.297520479310755e-05
1000,32,0.032,0.0017530093574400496
1000,48,0.048,0.0028396637663077318
1000,48,0.048,0.004745325018692292
1000,48,0.048,0.0027125909344396515
1000,48,0.048,0.00555838115830426
1000,48,0.048,0.007549568488308567
1000,48,0.048,0.0032631025970968897
1000,48,0.048,0.0044581102727754285
1000,48,0.048,0.0006366810674660051
1000,48,0.048,0.0036963030133872476
1000,48,0.048,0.007823787758213518
1000,48,0.048,0.006010500130762542
1000,48,0.048,0.00209120074388347
1000,48,0.048,0.0059702383831186645
1000,48,0.048,0.0021396608081801216
1000,48,0.048,0.0015301035863736212
1000,48,0.048,0.004658065782922494
1000,48,0.048,0.0018061139966825679
1000,48,0.048,0.0009189178002545484
1000,48,0.048,0.005603893111380098
1000,48,0.048,0.0014712227179832782
1000,48,0.048,0.001434713903704865
1000,48,0.048,0.006347556705010526
1000,48,0.048,-0.0017593456024688758
1000,48,0.048,-0.002953455281202777
1000,48,0.048,0.007634658889702106
1000,48,0.048,0.002435562718432538
1000,48,0.048,0.0067823276833595125
1000,48,0.048,0.005742605741207385
1000,48,0.048,0.006399722695957677
1000,48,0.048,-0.0012188784177603051
1000,48,0.048,0.004910928636193912
1000,48,0.048,0.0030744318419066996
1000,48,0.048,0.002117302658424969
1000,48,0.048,0.004883086797605851
1000,48,0.048,0.005482739831934091
1000,48,0.048,0.006907169918404454
1000,48,0.048,-6.319407570948288e-05
1000,48,0.048,0.0017958421621680487
1000,48,0.048,0.005282081738666566
1000,48,0.048,0.0014275349603551923
1000,64,0.064,0.006763602291196158
1000,64,0.064,0.0016714343833348355
1000,64,0.064,0.0024461486270843658
1000,64,0.064,0.004738225299519672
1000,64,0.064,0.0076168130942559364
1000,64,0.064,0.003285757742188311
1000,64,0.064,0.00338747795023997
1000,64,0.064,0.004376835688962855
1000,64,0.064,0.008244366883803755
1000,64,0.064,0.008738951145108698
1000,64,0.064,0.004338493336999927
1000,64,0.064,0.009902855894273976
1000,64,0.064,0.0051236339678862874
1000,64,0.064,0.00757155536417059
1000,64,0.064,0.006353394307884952
1000,64,0.064,0.006881302155201774
1000,64,0.064,0.004176504856747365
1000,64,0.064,0.0053449497583817895
1000,64,0.064,0.0066936861743405185
1000,64,0.064,0.00238377377278437
1000,64,0.064,0.00730350823048892
1000,64,0.064,0.005557635660366156
1000,64,0.064,0.009322961651246076
1000,64,0.064,0.005185145129840418
1000,64,0.064,0.00500250255065926
1000,64,0.064,0.004415880442321107
1000,64,0.064,0.005137790226503236
1000,64,0.064,0.0012579894815017978
1000,64,0.064,0.007614561938223019
1000,64,0.064,0.0053817808571711145
1000,64,0.064,0.0005323398529495371
1000,64,0.064,0.00525860514823745
1000,64,0.064,0.0007727241669648888
1000,64,0.064,0.004019590024786357
1000,64,0.064,0.0007203670561089504
1000,64,0.064,0.0058436848903249405
1000,64,0.064,0.00957891491629298
1000,64,0.064,0.006935684784053375
1000,64,0.064,0.00395962391786403
1000,64,0.064,0.006129176983762086
1000,96,0.096,0.007108179884809607
1000,96,0.096,0.011811519520091907
1000,96,0.096,0.007748021705734798
1000,96,0.096,0.011187420784820379
1000,96,0.096,0.008691250409771645
1000,96,0.096,0.0074038682674563705
1000,96,0.096,0.007808287074015596
1000,96,0.096,0.011828349698987994
1000,96,0.096,0.01294065674322803
1000,96,0.096,0.005011130869959912
1000,96,0.096,0.005499511046487937
1000,96,0.096,0.0032986147345262506
1000,96,0.096,0.005868135354184678
1000,96,0.096,0.008852398597887556
1000,96,0.096,0.012438707943487615
1000,96,0.096,0.009207706780233305
1000,96,0.096,0.005771899918428747
1000,96,0.096,0.010217704896615165
1000,96,0.096,0.008566033064805745
1000,96,0.096,0.010011127351696014
1000,96,0.096,0.005212709238941737
1000,96,0.096,0.006463879464158329
1000,96,0.096,0.007025947729115245
1000,96,0.096,0.01457214292415171
1000,96,0.096,0.005054366010416533
1000,96,0.096,0.0038945530390699923
1000,96,0.096,0.00842761026482547
1000,96,0.096,0.005398968115791436
1000,96,0.096,0.008342770868574212
1000,96,0.096,0.009626031096564514
1000,96,0.096,0.006647856094227744
1000,96,0.096,0.00416444674159705
1000,96,0.096,0.009735886415282557
1000,96,0.096,0.00659051743971506
1000,96,0.096,0.0076256094586799605
1000,96,0.096,0.010552165155931714
1000,96,0.096,0.004750375627145809
1000,96,0.096,0.004034633676353261
1000,96,0.096,0.0113847599938256
1000,96,0.096,0.0025627392791389147
